Genero;AyudaFinanciera;ColegioTecnico;PromedioNotasColegio;AniosUniversidad;FechaNacimiento;Carrera;AnioAM1;TutorAM1;ProfesorAM1;VecesRecursadaAM1;AsistenciaAM1;PeriodoAM1;ModalidadAM1;TipoMateriaAM1;Parcial1AM1;Parcial2AM1;Recuperatorio1AM1;Recuperatorio2AM1;Final1AM1;Final2AM1;Final3AM1;ApruebaAM1;AnioAM2;TutorAM2;ProfesorAM2;VecesRecursadaAM2;AsistenciaAM2;PeriodoAM2;ModalidadAM2;TipoMateriaAM2;Parcial1AM2;Parcial2AM2;Recuperatorio1AM2;Recuperatorio2AM2;Final1AM2;Final2AM2;Final3AM2;Abandona
F;No;No;7.55;1;30/6/2005;Ing. Info;1;Si;Agustina;0;62.67;Anual;Presencial;Inicial;3;3;9;5;2;5;;Si;2;No;;0;;cuatrimestral;Presencial;Incial;;;;;;;;No
M;Si;No;6.72;2;4/6/2004;Ing. Info;1;Si;Pedro;1;73.2;Anual;Presencial;Inicial;8;2;;2;;;;No;2;No;;0;;cuatrimestral;Presencial;Incial;;;;;;;;No
F;No;Si;7.75;1;31/5/2005;Ing. Info;1;Si;Pedro;0;90.66;Anual;Presencial;Inicial;3;6;6;;2;2;4;Si;2;No;;0;;cuatrimestral;Presencial;Incial;;;;;;;;No
F;No;Si;9.15;2;27/5/2005;Ing. Info;1;Si;Agustina;0;73.4;Anual;Presencial;Inicial;2;2;4;4;9;;;Si;2;No;Juan;0;88.07;cuatrimestral;Presencial;Incial;4;4;;;4;;;No
M;No;No;5.32;2;8/1/2003;Ing. Info;1;No;Agustina;0;85.5;Anual;Presencial;Inicial;3;;1;;;;;No;2;No;;0;;cuatrimestral;Presencial;Incial;;;;;;;;Si
F;No;Si;8.96;1;5/4/2003;Ing. Info;1;Si;Pedro;0;95.96;Anual;Presencial;Inicial;6;9;;;1;3;9;Si;2;No;;0;;cuatrimestral;Presencial;Incial;;;;;;;;No
F;No;No;6.01;1;7/9/2006;Ing. Info;1;Si;Pedro;1;74.07;Anual;Presencial;Inicial;2;1;3;;;;;No;2;No;;0;;cuatrimestral;Presencial;Incial;;;;;;;;No
F;Si;No;6.88;1;29/11/2003;Ing. Info;1;Si;Pedro;0;78.65;Anual;Presencial;Inicial;3;6;6;;5;;;Si;2;No;;0;;cuatrimestral;Presencial;Incial;;;;;;;;No
F;Si;No;4.14;2;2/10/2006;Ing. Info;1;Si;Agustina;0;96.14;Anual;Presencial;Inicial;9;4;;;1;6;;Si;2;No;Juan;0;81.1;cuatrimestral;Presencial;Incial;3;2;4;2;;;;Si
M;No;No;5.85;2;5/1/2002;Ing. Info;1;Si;Agustina;0;95.17;Anual;Presencial;Inicial;3;;3;;;;;No;2;No;;0;;cuatrimestral;Presencial;Incial;;;;;;;;No
M;No;No;8.18;1;14/9/2004;Ing. Info;1;Si;Agustina;0;50.42;Anual;Presencial;Inicial;6;9;;;7;;;Si;2;No;;0;;cuatrimestral;Presencial;Incial;;;;;;;;No
F;Si;No;5.94;2;6/1/2004;Ing. Info;1;Si;Pedro;0;55.38;Anual;Presencial;Inicial;6;9;;;4;;;Si;2;No;Juan;0;96.98;cuatrimestral;Presencial;Incial;3;2;4;2;;;;No
F;Si;No;6.49;2;12/7/2005;Ing. Info;1;Si;Pedro;0;62.93;Anual;Presencial;Inicial;9;8;;;7;;;Si;2;No;Juan;0;89.92;cuatrimestral;Presencial;Incial;3;7;5;;3;5;;Si
F;No;No;5.35;2;20/2/2003;Ing. Info;1;Si;Pedro;0;67.68;Anual;Presencial;Inicial;9;9;;;8;;;Si;2;No;Juan;0;83.39;cuatrimestral;Presencial;Incial;6;7;;;6;;;Si
F;No;Si;9.39;1;20/6/2006;Ing. Info;1;Si;Pedro;0;55.76;Anual;Presencial;Inicial;6;10;;;8;;;Si;2;No;;0;;cuatrimestral;Presencial;Incial;;;;;;;;No
F;No;No;5.61;2;2/4/2002;Ing. Info;1;Si;Pedro;0;80.99;Anual;Presencial;Inicial;8;8;;;6;;;Si;2;No;Juan;0;99.81;cuatrimestral;Presencial;Incial;10;7;;;8;;;No
F;No;Si;8.53;1;27/2/2002;Ing. Info;1;Si;Agustina;0;96.84;Anual;Presencial;Inicial;3;3;4;5;5;;;Si;2;No;;0;;cuatrimestral;Presencial;Incial;;;;;;;;No
F;No;No;6.4;2;24/4/2003;Ing. Info;1;Si;Agustina;0;62.14;Anual;Presencial;Inicial;1;3;6;3;;;;No;2;No;;0;;cuatrimestral;Presencial;Incial;;;;;;;;No
M;No;No;8.13;1;7/1/2002;Ing. Info;1;Si;Agustina;0;79.46;Anual;Presencial;Inicial;3;7;5;;6;;;Si;2;No;;0;;cuatrimestral;Presencial;Incial;;;;;;;;No
F;No;No;7.11;2;8/8/2003;Ing. Info;1;Si;Agustina;0;65.56;Anual;Presencial;Inicial;6;4;;;2;4;;Si;2;No;Juan;0;83.01;cuatrimestral;Presencial;Incial;3;7;5;;3;5;;No
M;No;No;4.83;1;19/9/2002;Ing. Info;1;Si;Agustina;0;84.59;Anual;Presencial;Inicial;2;6;5;;5;;;Si;2;No;;0;;cuatrimestral;Presencial;Incial;;;;;;;;Si
F;No;No;5.64;1;13/7/2004;Ing. Info;1;Si;Pedro;0;71.75;Anual;Presencial;Inicial;4;5;;;4;;;Si;2;No;;0;;cuatrimestral;Presencial;Incial;;;;;;;;Si
M;Si;Si;6.1;1;13/1/2002;Ing. Info;1;Si;Pedro;0;65.32;Anual;Presencial;Inicial;7;7;;;6;;;Si;2;No;;0;;cuatrimestral;Presencial;Incial;;;;;;;;No
F;No;Si;8.82;2;29/5/2006;Ing. Info;1;Si;Agustina;0;78.05;Anual;Presencial;Inicial;7;10;;;7;;;Si;2;No;Juan;0;89.37;cuatrimestral;Presencial;Incial;4;4;;;4;;;No
F;Si;No;5.68;2;19/9/2003;Ing. Info;1;Si;Pedro;0;92.97;Anual;Presencial;Inicial;5;4;;;4;;;Si;2;No;Juan;0;80.8;cuatrimestral;Presencial;Incial;6;7;;;6;;;No
F;No;Si;6.82;1;24/12/2005;Ing. Info;1;Si;Agustina;0;86.84;Anual;Presencial;Inicial;7;8;;;4;;;Si;2;No;;0;;cuatrimestral;Presencial;Incial;;;;;;;;No
F;No;No;6.53;1;7/9/2005;Ing. Info;1;Si;Agustina;0;83.99;Anual;Presencial;Inicial;8;6;;;8;;;Si;2;No;;0;;cuatrimestral;Presencial;Incial;;;;;;;;No
F;No;No;5.13;1;29/11/2002;Ing. Info;1;Si;Pedro;0;83.71;Anual;Presencial;Inicial;5;4;;;2;4;;Si;2;No;;0;;cuatrimestral;Presencial;Incial;;;;;;;;Si
M;Si;No;5.34;2;16/2/2005;Ing. Info;1;Si;Pedro;0;72.37;Anual;Presencial;Inicial;2;3;8;3;;;;No;2;No;;0;;cuatrimestral;Presencial;Incial;;;;;;;;No
M;No;No;7.29;4;18/3/2004;Ing. Info;1;Si;Pedro;0;71.27;Anual;Presencial;Inicial;4;6;;;6;;;Si;2;No;Juan;1;84.73;cuatrimestral;Presencial;Incial;3;5;4;;5;;;No
F;Si;No;6.12;2;6/9/2002;Ing. Info;1;Si;Pedro;0;86.49;Anual;Presencial;Inicial;5;6;;;9;;;Si;2;No;Juan;0;96.05;cuatrimestral;Presencial;Incial;3;7;5;;2;2;3;No
F;No;No;5.51;1;8/9/2005;Ing. Info;1;Si;Pedro;0;93.9;Anual;Presencial;Inicial;4;1;;7;5;;;Si;2;No;;0;;cuatrimestral;Presencial;Incial;;;;;;;;Si
F;No;Si;6.94;2;7/4/2002;Ing. Info;1;Si;Pedro;0;93.4;Anual;Presencial;Inicial;6;7;;;1;2;8;Si;2;No;Juan;0;80.21;cuatrimestral;Presencial;Incial;4;4;;;4;;;No
F;No;No;4.44;1;3/5/2006;Ing. Info;1;Si;Pedro;0;80.89;Anual;Presencial;Inicial;3;1;8;9;9;;;Si;2;No;;0;;cuatrimestral;Presencial;Incial;;;;;;;;Si
F;No;Si;9.6;1;13/2/2005;Ing. Info;1;Si;Pedro;0;70.23;Anual;Presencial;Inicial;6;1;;5;2;9;;Si;2;No;;0;;cuatrimestral;Presencial;Incial;;;;;;;;No
F;No;No;4.43;1;8/8/2006;Ing. Info;1;Si;Agustina;0;78.25;Anual;Presencial;Inicial;5;8;;;2;7;;Si;2;No;;0;;cuatrimestral;Presencial;Incial;;;;;;;;Si
F;No;No;6.35;2;24/9/2005;Ing. Info;1;Si;Pedro;0;71.15;Anual;Presencial;Inicial;8;1;;7;8;;;Si;2;No;Juan;0;92.15;cuatrimestral;Presencial;Incial;10;7;;;8;;;No
F;No;Si;7.81;2;12/7/2003;Ing. Info;1;Si;Agustina;0;82.54;Anual;Presencial;Inicial;10;9;;;3;9;;Si;2;No;Juan;0;99.84;cuatrimestral;Presencial;Incial;4;4;;;4;;;No
F;No;No;7.35;2;17/7/2006;Ing. Info;1;Si;Pedro;0;59.74;Anual;Presencial;Inicial;9;6;;;4;;;Si;2;No;Juan;0;86.73;cuatrimestral;Presencial;Incial;2;;2;;;;;No
M;No;No;5.59;1;6/2/2003;Ing. Info;1;Si;Pedro;0;95.99;Anual;Presencial;Inicial;7;9;;;4;;;Si;2;No;;0;;cuatrimestral;Presencial;Incial;;;;;;;;Si
M;No;No;4.45;1;3/8/2004;Ing. Info;1;Si;Agustina;0;63.99;Anual;Presencial;Inicial;2;1;5;7;7;;;Si;2;No;;0;;cuatrimestral;Presencial;Incial;;;;;;;;Si
F;No;No;4.05;2;24/1/2003;Ing. Info;1;No;Pedro;1;67.42;Anual;Presencial;Inicial;1;3;4;3;;;;No;2;No;;0;;cuatrimestral;Presencial;Incial;;;;;;;;Si
F;No;No;6.81;2;10/10/2003;Ing. Info;1;Si;Pedro;0;81.15;Anual;Presencial;Inicial;9;2;;4;1;9;;Si;2;No;Juan;0;88.35;cuatrimestral;Presencial;Incial;10;7;;;8;;;No
F;No;No;6.92;1;6/12/2006;Ing. Info;1;Si;Pedro;1;70.33;Anual;Presencial;Inicial;9;2;;3;;;;No;2;No;;0;;cuatrimestral;Presencial;Incial;;;;;;;;No
F;Si;Si;7.11;2;23/5/2003;Ing. Info;1;Si;Agustina;0;93.89;Anual;Presencial;Inicial;1;3;6;6;3;2;9;Si;2;No;Juan;0;84.22;cuatrimestral;Presencial;Incial;4;4;;;4;;;No
F;No;No;7.46;1;5/10/2003;Ing. Info;1;Si;Pedro;0;50.31;Anual;Presencial;Inicial;10;10;;;9;;;Si;2;No;;0;;cuatrimestral;Presencial;Incial;;;;;;;;No
F;No;No;5.41;4;25/2/2003;Ing. Info;1;Si;Agustina;0;60.68;Anual;Presencial;Inicial;4;4;;;4;;;Si;2;No;Juan;1;82.31;cuatrimestral;Presencial;Incial;3;7;5;;3;5;;No
M;No;Si;6.17;1;16/2/2004;Ing. Info;1;Si;Agustina;0;79.68;Anual;Presencial;Inicial;3;6;4;;5;;;Si;2;No;;0;;cuatrimestral;Presencial;Incial;;;;;;;;No
M;No;No;7.63;1;3/8/2004;Ing. Info;1;Si;Agustina;0;86.44;Anual;Presencial;Inicial;3;1;4;9;7;;;Si;2;No;;0;;cuatrimestral;Presencial;Incial;;;;;;;;No
F;Si;No;5.11;1;23/6/2004;Ing. Info;1;Si;Pedro;0;53.77;Anual;Presencial;Inicial;6;9;;;3;4;;Si;2;No;;0;;cuatrimestral;Presencial;Incial;;;;;;;;Si
F;Si;No;4.87;1;9/10/2002;Ing. Info;1;Si;Pedro;0;89.92;Anual;Presencial;Inicial;7;4;;;3;2;7;Si;2;No;;0;;cuatrimestral;Presencial;Incial;;;;;;;;Si
M;No;No;6.5;1;16/9/2006;Ing. Info;1;Si;Agustina;0;62.97;Anual;Presencial;Inicial;7;3;;6;6;;;Si;2;No;;0;;cuatrimestral;Presencial;Incial;;;;;;;;Si
F;Si;No;6.02;1;8/2/2003;Ing. Info;1;Si;Agustina;0;66.96;Anual;Presencial;Inicial;7;5;;;4;;;Si;2;No;;0;;cuatrimestral;Presencial;Incial;;;;;;;;No
M;No;Si;9.67;1;23/10/2002;Ing. Info;1;Si;Pedro;0;82.34;Anual;Presencial;Inicial;8;9;;;9;;;Si;2;No;;0;;cuatrimestral;Presencial;Incial;;;;;;;;No
M;No;No;5.81;1;17/4/2006;Ing. Info;1;Si;Pedro;0;78.7;Anual;Presencial;Inicial;5;5;;;9;;;Si;2;No;;0;;cuatrimestral;Presencial;Incial;;;;;;;;Si
F;No;No;5.68;1;10/3/2002;Ing. Info;1;Si;Pedro;0;82.43;Anual;Presencial;Inicial;1;5;5;;4;;;Si;2;No;;0;;cuatrimestral;Presencial;Incial;;;;;;;;Si
F;No;No;5.37;1;3/5/2003;Ing. Info;1;Si;Pedro;0;95.11;Anual;Presencial;Inicial;1;5;6;;3;6;;Si;2;No;;0;;cuatrimestral;Presencial;Incial;;;;;;;;Si
F;No;Si;6.04;1;25/1/2002;Ing. Info;1;Si;Agustina;0;97.12;Anual;Presencial;Inicial;9;9;;;3;8;;Si;2;No;;0;;cuatrimestral;Presencial;Incial;;;;;;;;Si
F;Si;Si;7.88;2;2/11/2004;Ing. Info;1;Si;Pedro;0;59.09;Anual;Presencial;Inicial;10;7;;;2;8;;Si;2;No;Juan;0;86.64;cuatrimestral;Presencial;Incial;8;4;;;5;;;No
F;No;Si;6.6;2;26/8/2005;Ing. Info;1;Si;Agustina;0;91.59;Anual;Presencial;Inicial;3;3;4;5;4;;;Si;2;No;Juan;0;91.83;cuatrimestral;Presencial;Incial;4;2;;2;;;;No
F;No;No;7.32;2;13/3/2003;Ing. Info;1;Si;Pedro;0;88.83;Anual;Presencial;Inicial;9;7;;;4;;;Si;2;No;Juan;0;91.71;cuatrimestral;Presencial;Incial;10;7;;;8;;;No
F;No;No;7.22;4;28/12/2004;Ing. Info;1;Si;Pedro;0;91.06;Anual;Presencial;Inicial;3;6;2;;3;5;;Si;2;No;Juan;1;83.28;cuatrimestral;Presencial;Incial;3;7;5;;3;5;;Si
F;No;Si;7.79;2;5/12/2006;Ing. Info;1;Si;Pedro;0;65.99;Anual;Presencial;Inicial;3;1;4;7;9;;;Si;2;No;Juan;0;82.87;cuatrimestral;Presencial;Incial;4;5;;;4;;;Si
M;No;Si;9.58;1;16/5/2003;Ing. Info;1;Si;Agustina;0;94.45;Anual;Presencial;Inicial;2;2;9;8;7;;;Si;2;No;;0;;cuatrimestral;Presencial;Incial;;;;;;;;No
F;No;No;7.65;1;5/12/2005;Ing. Info;1;Si;Agustina;0;93.33;Anual;Presencial;Inicial;3;8;5;;5;;;Si;2;No;;0;;cuatrimestral;Presencial;Incial;;;;;;;;No
F;No;Si;8.27;1;17/9/2005;Ing. Info;1;Si;Pedro;0;83.49;Anual;Presencial;Inicial;8;8;;;2;5;;Si;2;No;;0;;cuatrimestral;Presencial;Incial;;;;;;;;No
F;No;No;6.66;2;23/1/2004;Ing. Info;1;Si;Pedro;0;83.68;Anual;Presencial;Inicial;7;8;;;5;;;Si;2;No;Juan;0;92.5;cuatrimestral;Presencial;Incial;6;6;;;4;;;No
F;No;Si;8.4;2;5/2/2002;Ing. Info;1;Si;Pedro;0;74.11;Anual;Presencial;Inicial;7;2;;8;5;;;Si;2;No;Juan;0;84.29;cuatrimestral;Presencial;Incial;4;6;;;5;;;Si
F;No;Si;8.19;1;22/8/2003;Ing. Info;1;Si;Agustina;0;89.57;Anual;Presencial;Inicial;6;6;;;9;;;Si;2;No;;0;;cuatrimestral;Presencial;Incial;;;;;;;;No
F;No;No;7.08;2;9/1/2006;Ing. Info;1;Si;Agustina;0;84.33;Anual;Presencial;Inicial;7;1;;8;6;;;Si;2;No;Juan;0;83.61;cuatrimestral;Presencial;Incial;4;6;;;5;;;No
F;No;No;7.27;2;9/3/2005;Ing. Info;1;Si;Pedro;0;61.28;Anual;Presencial;Inicial;8;3;;5;8;;;Si;2;No;Juan;0;81.18;cuatrimestral;Presencial;Incial;6;6;;;4;;;No
F;No;No;7.43;4;13/7/2002;Ing. Info;1;Si;Agustina;0;80.89;Anual;Presencial;Inicial;7;6;;;6;;;Si;2;No;Juan;0;91.21;cuatrimestral;Presencial;Incial;6;7;;;6;;;No
F;No;Si;6.05;1;10/11/2006;Ing. Info;1;Si;Agustina;0;91.8;Anual;Presencial;Inicial;2;1;5;5;9;;;Si;2;No;;0;;cuatrimestral;Presencial;Incial;;;;;;;;No
F;No;No;4.95;2;22/11/2005;Ing. Info;1;Si;Pedro;0;77.2;Anual;Presencial;Inicial;6;7;;;3;6;;Si;2;No;Juan;0;89.08;cuatrimestral;Presencial;Incial;4;5;;;3;4;;No
F;No;Si;7.32;2;16/1/2004;Ing. Info;1;Si;Pedro;0;83.7;Anual;Presencial;Inicial;10;6;;;8;;;Si;2;No;Juan;0;94.78;cuatrimestral;Presencial;Incial;8;5;;;5;;;Si
F;No;Si;9.67;2;25/3/2004;Ing. Info;1;Si;Pedro;0;67.42;Anual;Presencial;Inicial;6;6;;;8;;;Si;2;No;Juan;0;94.27;cuatrimestral;Presencial;Incial;4;5;;;3;4;;No
F;No;Si;8.95;2;18/10/2004;Ing. Info;1;Si;Pedro;0;51.9;Anual;Presencial;Inicial;9;7;;;6;;;Si;2;No;Juan;0;91.23;cuatrimestral;Presencial;Incial;8;5;;;5;;;No
M;No;No;7.97;4;16/12/2003;Ing. Info;1;Si;Pedro;0;62.51;Anual;Presencial;Inicial;10;7;;;8;;;Si;2;No;Juan;0;98.19;cuatrimestral;Presencial;Incial;10;7;;;8;;;No
F;No;No;7.73;4;21/12/2002;Ing. Info;1;Si;Agustina;0;95.09;Anual;Presencial;Inicial;8;4;;;5;;;Si;2;No;Juan;0;89.98;cuatrimestral;Presencial;Incial;2;4;7;;3;6;;No
F;No;No;4.65;1;1/9/2002;Ing. Info;1;Si;Agustina;0;82.61;Anual;Presencial;Inicial;9;9;;;3;7;;Si;2;No;;0;;cuatrimestral;Presencial;Incial;;;;;;;;Si
M;No;No;6.88;4;15/11/2002;Ing. Info;1;Si;Agustina;0;81.4;Anual;Presencial;Inicial;10;6;;;7;;;Si;2;No;Juan;0;80.7;cuatrimestral;Presencial;Incial;2;;2;;;;;No
F;No;No;6.83;2;25/2/2005;Ing. Info;1;Si;Pedro;0;88.43;Anual;Presencial;Inicial;1;6;4;;1;9;;Si;2;No;Juan;0;91.09;cuatrimestral;Presencial;Incial;7;7;;;4;;;No
F;No;Si;7.17;2;19/10/2002;Ing. Info;1;Si;Agustina;0;72.96;Anual;Presencial;Inicial;10;3;;4;6;;;Si;2;No;Juan;0;94.55;cuatrimestral;Presencial;Incial;4;3;;2;;;;Si
F;No;Si;7.66;2;18/7/2003;Ing. Info;1;Si;Pedro;0;81.27;Anual;Presencial;Inicial;10;8;;;5;;;Si;2;No;Juan;0;87.15;cuatrimestral;Presencial;Incial;4;5;;;3;4;;No
F;No;Si;6.53;2;28/9/2005;Ing. Info;1;Si;Agustina;0;95.09;Anual;Presencial;Inicial;10;7;;;5;;;Si;2;No;Juan;0;98.89;cuatrimestral;Presencial;Incial;2;;2;;;;;No
F;No;Si;7.18;2;5/6/2003;Ing. Info;1;Si;Pedro;0;90.92;Anual;Presencial;Inicial;6;6;;;3;7;;Si;2;No;Juan;0;88.07;cuatrimestral;Presencial;Incial;4;6;;;5;;;Si
M;No;No;4.53;1;3/3/2002;Ing. Info;1;Si;Agustina;0;58.47;Anual;Presencial;Inicial;3;5;4;;3;4;;Si;2;No;;0;;cuatrimestral;Presencial;Incial;;;;;;;;Si
F;No;No;4.52;1;8/11/2004;Ing. Info;1;Si;Pedro;0;66.64;Anual;Presencial;Inicial;4;8;;;6;;;Si;2;No;;0;;cuatrimestral;Presencial;Incial;;;;;;;;Si
F;Si;No;4.54;1;4/9/2005;Ing. Info;1;Si;Agustina;0;60.51;Anual;Presencial;Inicial;5;7;;;1;5;;Si;2;No;;0;;cuatrimestral;Presencial;Incial;;;;;;;;Si
F;No;No;5.2;1;10/6/2006;Ing. Info;1;Si;Pedro;0;62.91;Anual;Presencial;Inicial;6;6;;;4;;;Si;2;No;;0;;cuatrimestral;Presencial;Incial;;;;;;;;Si
F;No;No;7.61;2;11/6/2006;Ing. Info;1;Si;Pedro;0;53.75;Anual;Presencial;Inicial;8;2;;6;3;9;;Si;2;No;Juan;0;81.09;cuatrimestral;Presencial;Incial;10;7;;;8;;;No
F;No;Si;9.91;2;22/1/2002;Ing. Info;1;Si;Agustina;0;68.11;Anual;Presencial;Inicial;8;7;;;3;2;7;Si;2;No;Juan;0;84.39;cuatrimestral;Presencial;Incial;8;5;;;5;;;No
F;No;No;8;2;24/1/2006;Ing. Info;1;No;Pedro;1;51.7;Anual;Presencial;Inicial;5;2;;3;;;;No;2;No;;0;;cuatrimestral;Presencial;Incial;;;;;;;;Si
M;No;No;7.44;4;24/5/2002;Ing. Info;1;Si;Pedro;0;57.6;Anual;Presencial;Inicial;9;5;;;7;;;Si;2;No;Juan;0;96.98;cuatrimestral;Presencial;Incial;2;4;7;;3;6;;No
F;No;No;6.07;1;20/10/2002;Ing. Info;1;Si;Pedro;0;85.91;Anual;Presencial;Inicial;6;7;;;6;;;Si;2;No;;0;;cuatrimestral;Presencial;Incial;;;;;;;;No
M;No;No;5.2;1;5/10/2003;Ing. Info;1;Si;Agustina;0;81.69;Anual;Presencial;Inicial;7;7;;;7;;;Si;2;No;;0;;cuatrimestral;Presencial;Incial;;;;;;;;No
M;Si;No;7.54;1;29/12/2004;Ing. Info;1;Si;Agustina;0;80.91;Anual;Presencial;Inicial;4;8;;;5;;;Si;2;No;;0;;cuatrimestral;Presencial;Incial;;;;;;;;No
M;No;No;7.74;4;1/6/2002;Ing. Info;1;Si;Pedro;0;76.12;Anual;Presencial;Inicial;3;7;5;;3;5;;Si;2;No;Juan;0;99.81;cuatrimestral;Presencial;Incial;3;7;5;;3;5;;No
F;No;No;7.09;2;18/1/2005;Ing. Info;1;Si;Pedro;0;85.53;Anual;Presencial;Inicial;5;2;;7;7;;;Si;2;No;Juan;0;91.69;cuatrimestral;Presencial;Incial;10;7;;;;;;No
F;No;No;9.19;4;11/5/2002;Ing. Info;1;Si;Agustina;0;80.86;Anual;Presencial;Inicial;5;7;;;4;;;Si;2;No;Juan;0;98.67;cuatrimestral;Presencial;Incial;2;4;4;;4;;;No
M;No;Si;9.17;1;5/11/2002;Ing. Info;1;Si;Pedro;0;88.45;Anual;Presencial;Inicial;2;3;8;7;8;;;Si;2;No;;0;;cuatrimestral;Presencial;Incial;;;;;;;;No
F;No;Si;9.39;1;20/6/2003;Ing. Info;1;Si;Agustina;0;81.56;Anual;Presencial;Inicial;9;1;;5;5;;;Si;2;No;;0;;cuatrimestral;Presencial;Incial;;;;;;;;No
F;No;No;8.33;4;30/6/2004;Ing. Info;1;Si;Pedro;0;60.64;Anual;Presencial;Inicial;6;7;;;6;;;Si;2;No;Juan;0;80.35;cuatrimestral;Presencial;Incial;2;4;7;;3;6;;No
F;No;No;5.02;2;18/12/2002;Ing. Info;1;Si;Agustina;0;66.75;Anual;Presencial;Inicial;8;1;;7;7;;;Si;2;No;Juan;0;88.23;cuatrimestral;Presencial;Incial;3;;2;;;;;No
F;No;Si;6.09;2;22/2/2003;Ing. Info;1;Si;Pedro;0;92.61;Anual;Presencial;Inicial;7;2;;5;2;5;;Si;2;No;Juan;0;86.57;cuatrimestral;Presencial;Incial;4;5;;;3;4;;No
F;No;No;6.1;2;24/11/2006;Ing. Info;1;Si;Agustina;0;71.32;Anual;Presencial;Inicial;5;3;;8;9;;;Si;2;No;Juan;0;89.37;cuatrimestral;Presencial;Incial;2;;2;;;;;No
M;No;Si;8.1;1;19/5/2002;Ing. Info;1;Si;Pedro;0;90.04;Anual;Presencial;Inicial;8;1;;9;8;;;Si;2;No;;0;;cuatrimestral;Presencial;Incial;;;;;;;;No
F;Si;Si;7.6;2;6/2/2004;Ing. Info;1;Si;Agustina;0;87.24;Anual;Presencial;Inicial;6;8;;;5;;;Si;2;No;Juan;0;98.6;cuatrimestral;Presencial;Incial;4;5;;;3;4;;No
F;No;No;4.27;2;9/3/2004;Ing. Info;1;Si;Pedro;0;65.47;Anual;Presencial;Inicial;7;4;;;7;;;Si;2;No;Juan;0;90.89;cuatrimestral;Presencial;Incial;10;7;;;8;;;Si
F;No;Si;7.64;1;8/8/2006;Ing. Info;1;Si;Agustina;0;89.69;Anual;Presencial;Inicial;9;10;;;1;8;;Si;2;No;;0;;cuatrimestral;Presencial;Incial;;;;;;;;No
F;No;No;7.33;1;26/2/2004;Ing. Info;1;Si;Pedro;0;75.71;Anual;Presencial;Inicial;7;1;;5;2;1;6;Si;2;No;;0;;cuatrimestral;Presencial;Incial;;;;;;;;No
M;No;No;8.05;1;9/11/2002;Ing. Info;1;No;Pedro;1;79.18;Anual;Presencial;Inicial;9;3;;1;;;;No;2;No;;0;;cuatrimestral;Presencial;Incial;;;;;;;;No
M;Si;No;7.73;4;1/1/2004;Ing. Info;1;Si;Pedro;0;97.55;Anual;Presencial;Inicial;6;7;;;4;;;Si;2;No;Juan;0;96.05;cuatrimestral;Presencial;Incial;6;7;;;6;;;No
F;No;No;5.17;2;24/11/2003;Ing. Info;1;Si;Agustina;1;61.38;Anual;Presencial;Inicial;5;3;;6;9;;;Si;2;No;;0;;cuatrimestral;Presencial;Incial;;;;;;;;No
M;No;No;6.76;1;18/7/2006;Ing. Info;1;Si;Pedro;0;76.7;Anual;Presencial;Inicial;6;8;;;1;4;;Si;2;No;;0;;cuatrimestral;Presencial;Incial;;;;;;;;No
M;No;No;8.01;5;14/10/2001;Ing. Info;1;Si;Pedro;0;83.74;Anual;Presencial;Inicial;6;5;;;6;;;Si;2;No;Juan;0;82.1;cuatrimestral;Presencial;Incial;10;7;;;8;;;No
F;No;No;6.66;5;16/8/2002;Ing. Info;1;Si;Pedro;0;98.26;Anual;Presencial;Inicial;3;2;6;4;4;;;Si;2;No;Juan;0;98.34;cuatrimestral;Presencial;Incial;3;4;4;;4;;;No
M;No;No;7.84;1;3/12/2006;Ing. Info;1;Si;Agustina;0;94.67;Anual;Presencial;Inicial;1;3;4;5;4;;;Si;2;No;;0;;cuatrimestral;Presencial;Incial;;;;;;;;No
F;No;No;5.69;1;30/6/2002;Ing. Info;1;Si;Agustina;0;65.61;Anual;Presencial;Inicial;5;6;;;5;;;Si;2;No;;0;;cuatrimestral;Presencial;Incial;;;;;;;;No
F;No;Si;9.32;2;27/1/2006;Ing. Info;1;Si;Pedro;0;62.87;Anual;Presencial;Inicial;7;7;;;7;;;Si;2;No;Juan;0;99.84;cuatrimestral;Presencial;Incial;8;5;;;5;;;No
F;No;No;6.2;1;18/12/2006;Ing. Info;1;Si;Pedro;0;88.33;Anual;Presencial;Inicial;7;8;;;6;;;Si;2;No;;0;;cuatrimestral;Presencial;Incial;;;;;;;;No
M;Si;No;6.25;5;30/6/2001;Ing. Info;1;Si;Agustina;0;95.26;Anual;Presencial;Inicial;1;6;5;;6;;;Si;2;No;Juan;0;80.83;cuatrimestral;Presencial;Incial;6;7;;;6;;;No
F;No;No;5;1;11/11/2003;Ing. Info;1;Si;Agustina;0;73.97;Anual;Presencial;Inicial;8;4;;;3;2;6;Si;2;No;;0;;cuatrimestral;Presencial;Incial;;;;;;;;No
F;No;Si;6.67;2;28/12/2003;Ing. Info;1;Si;Agustina;0;89.3;Anual;Presencial;Inicial;7;8;;;9;;;Si;2;No;Juan;0;84.84;cuatrimestral;Presencial;Incial;8;5;;;5;;;No
M;No;No;4.86;5;7/2/2000;Ing. Info;1;Si;Pedro;0;75.85;Anual;Presencial;Inicial;6;1;;5;5;;;Si;2;No;Juan;0;88.35;cuatrimestral;Presencial;Incial;3;7;5;;3;5;;No
M;Si;No;7.37;1;29/12/2004;Ing. Info;1;Si;Pedro;0;90.38;Anual;Presencial;Inicial;7;1;;5;8;;;Si;2;No;;0;;cuatrimestral;Presencial;Incial;;;;;;;;No
M;No;No;5.97;5;22/7/2002;Ing. Info;1;Si;Pedro;0;57.98;Anual;Presencial;Inicial;4;5;;;3;5;;Si;2;No;Juan;0;84.22;cuatrimestral;Presencial;Incial;2;;2;;;;;No
F;No;Si;9.76;2;1/3/2003;Ing. Info;1;Si;Agustina;0;84.42;Anual;Presencial;Inicial;10;9;;;7;;;Si;2;No;Juan;0;91.12;cuatrimestral;Presencial;Incial;4;5;;;3;4;;No
F;No;No;4.72;5;25/11/2000;Ing. Info;1;Si;Pedro;0;76.26;Anual;Presencial;Inicial;6;5;;;6;;;Si;2;No;Juan;0;82.31;cuatrimestral;Presencial;Incial;2;4;7;;3;6;;No
M;No;No;7;1;16/8/2005;Ing. Info;1;Si;Pedro;0;78.97;Anual;Presencial;Inicial;3;2;6;4;4;;;No;2;No;;0;;cuatrimestral;Presencial;Incial;;;;;;;;No
M;No;No;7.64;5;1/8/2000;Ing. Info;1;Si;Agustina;0;89.35;Anual;Presencial;Inicial;1;6;5;;6;;;Si;2;No;Juan;0;90.56;cuatrimestral;Presencial;Incial;2;;2;;;;;No
F;No;No;6.34;2;14/5/2003;Ing. Info;1;Si;Pedro;0;87.49;Anual;Presencial;Inicial;6;1;;5;5;;;Si;2;No;Juan;0;94.74;cuatrimestral;Presencial;Incial;9;7;;;9;;;No
F;No;Si;6;2;19/4/2006;Ing. Info;1;Si;Pedro;0;86.64;Anual;Presencial;Inicial;4;5;;;3;5;;Si;2;No;Juan;0;83;cuatrimestral;Presencial;Incial;8;5;;;5;;;No
M;No;No;4.37;1;28/6/2005;Ing. Info;1;Si;Agustina;0;61.9;Anual;Presencial;Inicial;1;8;5;;6;;;Si;2;No;;0;;cuatrimestral;Presencial;Incial;;;;;;;;No
F;No;No;7.65;2;27/9/2003;Ing. Info;1;Si;Agustina;0;58.71;Anual;Presencial;Inicial;9;7;;;9;;;Si;2;No;Juan;0;94.16;cuatrimestral;Presencial;Incial;4;4;;;3;4;;Si
F;No;No;7.51;2;5/11/2002;Ing. Info;1;Si;Pedro;0;77.7;Anual;Presencial;Inicial;5;8;;;3;4;;Si;2;No;Juan;0;97.83;cuatrimestral;Presencial;Incial;5;4;;;3;3;5;No
F;No;No;7.61;2;28/4/2004;Ing. Info;1;Si;Agustina;0;78.62;Anual;Presencial;Inicial;7;4;;;9;;;Si;2;No;Juan;0;82.47;cuatrimestral;Presencial;Incial;4;4;;;3;4;;Si
F;No;Si;7.49;1;11/8/2006;Ing. Info;1;Si;Agustina;0;96.8;Anual;Presencial;Inicial;9;9;;;2;8;;Si;2;No;;0;;cuatrimestral;Presencial;Incial;;;;;;;;No
F;No;No;8.71;5;11/8/2000;Ing. Info;1;Si;Pedro;0;95.3;Anual;Presencial;Inicial;6;5;;;6;;;Si;2;No;Juan;0;90.91;cuatrimestral;Presencial;Incial;2;;2;;;;;No
F;No;Si;6.36;2;11/3/2003;Ing. Info;1;Si;Agustina;0;54.94;Anual;Presencial;Inicial;3;2;6;4;4;;;Si;2;No;Juan;0;82.06;cuatrimestral;Presencial;Incial;8;5;;;5;;;No
F;No;Si;6.05;2;9/1/2002;Ing. Info;1;Si;Agustina;0;90.66;Anual;Presencial;Inicial;1;6;5;;6;;;Si;2;No;Juan;0;86.64;cuatrimestral;Presencial;Incial;8;5;;;5;;;No
F;Si;No;4.78;1;16/10/2006;Ing. Info;1;Si;Agustina;0;87.03;Anual;Presencial;Inicial;6;1;;5;5;;;Si;2;No;;0;;cuatrimestral;Presencial;Incial;;;;;;;;No
M;No;No;7.56;5;13/9/2002;Ing. Info;1;Si;Agustina;0;75.02;Anual;Presencial;Inicial;4;5;;;3;5;;Si;2;No;Juan;0;91.71;cuatrimestral;Presencial;Incial;2;4;7;;3;6;;No
F;Si;No;5;5;15/5/2000;Ing. Info;1;Si;Pedro;1;53.7;Anual;Presencial;Inicial;5;3;;6;9;;;Si;2;No;Juan;1;83.28;cuatrimestral;Presencial;Incial;5;3;;6;9;;;No
F;Si;Si;9.57;5;15/9/2002;Ing. Info;1;Si;Agustina;0;63.02;Anual;Presencial;Inicial;8;7;;;8;;;Si;2;No;Juan;0;82.87;cuatrimestral;Presencial;Incial;5;1;;4;4;;;No
F;No;No;9.7;1;15/3/2004;Ing. Info;1;Si;Pedro;0;83.76;Anual;Presencial;Inicial;7;5;;;6;;;Si;2;No;;0;;cuatrimestral;Presencial;Incial;;;;;;;;No
F;Si;Si;6.12;3;6/11/2005;Ing. Info;1;Si;Agustina;0;66.71;Anual;Presencial;Inicial;7;7;;;6;;;Si;2;No;Juan;0;82.41;cuatrimestral;Presencial;Incial;5;7;;;4;;;No
M;Si;Si;8.03;1;29/12/2005;Ing. Info;1;Si;Agustina;0;66.11;Anual;Presencial;Inicial;3;10;6;;9;;;Si;2;No;;0;;cuatrimestral;Presencial;Incial;;;;;;;;No
M;Si;Si;7.28;1;22/10/2002;Ing. Info;1;Si;Pedro;0;68.28;Anual;Presencial;Inicial;6;6;;;9;;;Si;2;No;;0;;cuatrimestral;Presencial;Incial;;;;;;;;No
F;No;Si;8.02;5;21/6/2000;Ing. Info;1;Si;Pedro;0;63.3;Anual;Presencial;Inicial;3;1;9;5;1;5;;Si;2;No;Juan;0;84.29;cuatrimestral;Presencial;Incial;5;7;;;4;;;No
M;No;Si;9.83;1;10/1/2004;Ing. Info;1;Si;Agustina;0;79.54;Anual;Presencial;Inicial;10;8;;;1;7;;Si;2;No;;0;;cuatrimestral;Presencial;Incial;;;;;;;;No
F;No;Si;7.38;2;5/12/2006;Ing. Info;1;Si;Pedro;1;73.23;Anual;Presencial;Inicial;1;2;4;4;8;;;Si;2;No;;0;;cuatrimestral;Presencial;Incial;;;;;;;;No
F;No;No;7.59;5;9/11/2002;Ing. Info;1;Si;Agustina;0;91.59;Anual;Presencial;Inicial;2;5;4;;1;4;;Si;2;No;Juan;0;81.18;cuatrimestral;Presencial;Incial;10;7;;;8;;;No
M;No;Si;6.38;1;18/2/2002;Ing. Info;1;Si;Pedro;0;56.72;Anual;Presencial;Inicial;6;6;;;5;;;Si;2;No;;0;;cuatrimestral;Presencial;Incial;;;;;;;;No
M;No;Si;7.61;1;26/5/2002;Ing. Info;1;Si;Agustina;0;97.96;Anual;Presencial;Inicial;7;9;;;8;;;Si;2;No;;0;;cuatrimestral;Presencial;Incial;;;;;;;;No
F;Si;No;7.53;5;19/12/2002;Ing. Info;1;Si;Agustina;0;68.66;Anual;Presencial;Inicial;1;6;5;;6;;;Si;2;No;Juan;0;89.08;cuatrimestral;Presencial;Incial;6;7;;;6;;;No
F;Si;Si;9.89;3;20/10/2003;Ing. Info;1;Si;Agustina;0;83.32;Anual;Presencial;Inicial;6;1;;5;5;;;Si;2;No;Juan;0;94.78;cuatrimestral;Presencial;Incial;4;4;;;4;;;No
M;No;No;5.18;1;12/4/2006;Ing. Info;1;Si;Pedro;1;74.93;Anual;Presencial;Inicial;3;3;8;2;;;;No;2;No;;0;;cuatrimestral;Presencial;Incial;;;;;;;;No
M;No;No;4.88;2;12/11/2002;Ing. Info;1;Si;Agustina;1;83.6;Anual;Presencial;Inicial;8;1;;1;;;;No;2;No;;0;;cuatrimestral;Presencial;Incial;;;;;;;;No
M;No;No;8;5;18/3/2002;Ing. Info;1;Si;Pedro;0;84.62;Anual;Presencial;Inicial;6;5;;;6;;;Si;2;No;Juan;0;98.19;cuatrimestral;Presencial;Incial;4;4;;;3;4;;No
M;Si;No;6.39;5;24/2/2002;Ing. Info;1;Si;Agustina;0;90.75;Anual;Presencial;Inicial;4;5;;;3;5;;Si;2;No;Juan;0;89.98;cuatrimestral;Presencial;Incial;2;4;7;;3;6;;No
F;No;No;6.04;5;9/5/2001;Ing. Info;1;Si;Agustina;0;99.29;Anual;Presencial;Inicial;1;6;5;;6;;;Si;2;No;Juan;0;88.73;cuatrimestral;Presencial;Incial;6;7;;;6;;;No
M;No;Si;8.66;1;7/1/2006;Ing. Info;1;Si;Agustina;0;82.32;Anual;Presencial;Inicial;8;10;;;7;;;Si;2;No;;0;;cuatrimestral;Presencial;Incial;;;;;;;;Si
M;No;No;5.6;1;3/9/2004;Ing. Info;1;Si;Pedro;0;98.54;Anual;Presencial;Inicial;6;2;;6;3;7;;Si;2;No;;0;;cuatrimestral;Presencial;Incial;;;;;;;;Si
M;No;Si;9.1;1;28/10/2006;Ing. Info;1;Si;Pedro;0;97.11;Anual;Presencial;Inicial;3;1;4;7;7;;;Si;2;No;;0;;cuatrimestral;Presencial;Incial;;;;;;;;No
F;No;No;7.37;1;26/8/2006;Ing. Info;1;Si;Agustina;0;88.26;Anual;Presencial;Inicial;9;5;;;5;;;Si;2;No;;0;;cuatrimestral;Presencial;Incial;;;;;;;;Si
F;No;No;4.5;5;28/11/2003;Ing. Info;1;Si;Pedro;1;86.44;Anual;Presencial;Inicial;4;3;;6;2;4;;Si;2;No;Juan;0;98.89;cuatrimestral;Presencial;Incial;4;3;;6;2;4;;No
F;No;Si;8.75;5;21/2/2000;Ing. Info;1;Si;Agustina;0;80.88;Anual;Presencial;Inicial;9;10;;;8;;;Si;2;No;Juan;0;88.07;cuatrimestral;Presencial;Incial;4;4;;;4;;;No
F;Si;Si;8.9;3;25/5/2004;Ing. Info;1;Si;Agustina;0;90.93;Anual;Presencial;Inicial;6;9;;;9;;;Si;2;No;Juan;0;85;cuatrimestral;Presencial;Incial;4;4;;;4;;;No
M;No;No;6.3;1;4/9/2002;Ing. Info;1;Si;Agustina;0;81.04;Anual;Presencial;Inicial;9;4;;;7;;;Si;2;No;;0;;cuatrimestral;Presencial;Incial;;;;;;;;Si
F;Si;No;5.29;3;11/12/2002;Ing. Info;1;Si;Agustina;0;96.6;Anual;Presencial;Inicial;2;7;5;;7;;;Si;2;No;Juan;0;81.93;cuatrimestral;Presencial;Incial;3;7;5;;3;5;;No
M;No;No;7.56;1;13/3/2003;Ing. Info;1;Si;Agustina;0;85.4;Anual;Presencial;Inicial;9;2;;4;5;;;Si;2;No;;0;;cuatrimestral;Presencial;Incial;;;;;;;;No
F;No;Si;6.36;1;30/3/2004;Ing. Info;1;Si;Pedro;0;80.37;Anual;Presencial;Inicial;10;9;;;3;9;;Si;2;No;;0;;cuatrimestral;Presencial;Incial;;;;;;;;No
M;Si;No;8.02;1;23/8/2005;Ing. Info;1;Si;Pedro;0;95.94;Anual;Presencial;Inicial;1;3;2;;;;;No;2;No;;0;;cuatrimestral;Presencial;Incial;;;;;;;;No
F;No;No;8.97;1;8/4/2002;Ing. Info;1;No;Pedro;0;77.7;Anual;Presencial;Inicial;2;1;2;;;;;No;2;No;;0;;cuatrimestral;Presencial;Incial;;;;;;;;Si
F;No;No;5.94;1;9/6/2006;Ing. Info;1;Si;Pedro;0;55.97;Anual;Presencial;Inicial;7;4;;;6;;;Si;2;No;;0;;cuatrimestral;Presencial;Incial;;;;;;;;No
F;No;Si;8.16;1;7/9/2003;Ing. Info;1;Si;Pedro;0;95.06;Anual;Presencial;Inicial;9;10;;;3;8;;Si;2;No;;0;;cuatrimestral;Presencial;Incial;;;;;;;;No
F;No;Si;6.51;1;8/3/2003;Ing. Info;1;Si;Pedro;0;77.15;Anual;Presencial;Inicial;6;8;;;8;;;Si;2;No;;0;;cuatrimestral;Presencial;Incial;;;;;;;;Si
F;No;No;7.86;1;23/6/2006;Ing. Info;1;Si;Agustina;0;97.49;Anual;Presencial;Inicial;10;7;;;8;;;Si;2;No;;0;;cuatrimestral;Presencial;Incial;;;;;;;;Si
M;No;Si;9.68;1;24/5/2003;Ing. Info;1;Si;Agustina;0;81.82;Anual;Presencial;Inicial;7;10;;;9;;;Si;2;No;;0;;cuatrimestral;Presencial;Incial;;;;;;;;No
F;No;No;7.2;4;17/7/2003;Ing. Info;1;Si;Agustina;1;76.94;Anual;Presencial;Inicial;4;4;;;2;1;5;Si;2;No;Juan;0;91.69;cuatrimestral;Presencial;Incial;4;4;;;2;1;5;No
F;No;Si;9.18;1;10/3/2003;Ing. Info;1;Si;Pedro;0;68.86;Anual;Presencial;Inicial;9;10;;;4;;;Si;2;No;;0;;cuatrimestral;Presencial;Incial;;;;;;;;No
M;No;No;7.06;1;14/2/2003;Ing. Info;1;Si;Agustina;0;76.89;Anual;Presencial;Inicial;3;2;1;;;;;No;2;No;;0;;cuatrimestral;Presencial;Incial;;;;;;;;No
M;No;Si;9.71;1;19/4/2002;Ing. Info;1;Si;Pedro;0;83.31;Anual;Presencial;Inicial;9;6;;;9;;;Si;2;No;;0;;cuatrimestral;Presencial;Incial;;;;;;;;No
M;No;Si;7.7;1;13/2/2002;Ing. Info;1;Si;Agustina;0;84.7;Anual;Presencial;Inicial;7;9;;;2;2;5;Si;2;No;;0;;cuatrimestral;Presencial;Incial;;;;;;;;No
M;No;Si;6.57;1;25/8/2005;Ing. Info;1;Si;Agustina;0;97.78;Anual;Presencial;Inicial;10;8;;;4;;;Si;2;No;;0;;cuatrimestral;Presencial;Incial;;;;;;;;No
M;Si;No;7.07;5;24/3/2000;Ing. Info;1;Si;Agustina;0;99.55;Anual;Presencial;Inicial;4;5;;;3;5;;Si;2;No;Juan;0;86.57;cuatrimestral;Presencial;Incial;2;4;7;;3;6;;No
F;Si;No;6.79;3;14/12/2005;Ing. Info;1;Si;Pedro;0;72.54;Anual;Presencial;Inicial;5;2;;9;1;5;;Si;2;No;Juan;0;89.37;cuatrimestral;Presencial;Incial;6;7;;;6;;;No
F;No;No;7.02;1;13/12/2002;Ing. Info;1;Si;Agustina;1;53.87;Anual;Presencial;Inicial;9;1;;1;;;;No;2;No;;0;;cuatrimestral;Presencial;Incial;;;;;;;;No
F;No;Si;7.04;1;6/5/2002;Ing. Info;1;Si;Pedro;0;52.83;Anual;Presencial;Inicial;6;8;;;1;4;;Si;2;No;;0;;cuatrimestral;Presencial;Incial;;;;;;;;No
F;No;Si;8.66;1;2/3/2004;Ing. Info;1;Si;Agustina;0;88.91;Anual;Presencial;Inicial;8;9;;;1;5;;Si;2;No;;0;;cuatrimestral;Presencial;Incial;;;;;;;;No
M;No;No;6.01;5;6/12/2000;Ing. Info;1;Si;Agustina;0;65.41;Anual;Presencial;Inicial;6;5;;;6;;;Si;2;No;Juan;0;87.41;cuatrimestral;Presencial;Incial;2;;2;;;;;No
M;No;No;6.98;1;19/2/2005;Ing. Info;1;Si;Pedro;0;87.47;Anual;Presencial;Inicial;2;3;3;;;;;No;2;No;;0;;cuatrimestral;Presencial;Incial;;;;;;;;No
M;No;Si;6.35;1;22/11/2004;Ing. Info;1;Si;Pedro;0;68.15;Anual;Presencial;Inicial;1;3;7;6;3;3;8;Si;2;No;;0;;cuatrimestral;Presencial;Incial;;;;;;;;No
F;No;Si;8.98;3;11/11/2004;Ing. Info;1;Si;Pedro;1;50.87;Anual;Presencial;Inicial;8;6;;;8;;;Si;2;No;Juan;0;96.05;cuatrimestral;Presencial;Incial;5;6;;;4;;;No
F;No;No;4.19;1;2/10/2006;Ing. Info;1;Si;Pedro;0;78.47;Anual;Presencial;Inicial;3;2;4;6;6;;;Si;2;No;;0;;cuatrimestral;Presencial;Incial;;;;;;;;No
F;No;No;5.96;4;23/4/2003;Ing. Info;1;Si;Pedro;1;94.46;Anual;Presencial;Inicial;1;7;9;;4;;;Si;2;No;Juan;0;80.21;cuatrimestral;Presencial;Incial;1;7;9;;4;;;No
M;No;No;5.44;1;12/6/2004;Ing. Info;1;Si;Pedro;0;75.27;Anual;Presencial;Inicial;4;7;;;1;2;8;Si;2;No;;0;;cuatrimestral;Presencial;Incial;;;;;;;;Si
M;No;No;7.95;1;3/3/2006;Ing. Info;1;Si;Pedro;0;99.61;Anual;Presencial;Inicial;8;5;;;8;;;Si;2;No;;0;;cuatrimestral;Presencial;Incial;;;;;;;;No
F;Si;No;7.18;1;17/9/2006;Ing. Info;1;No;Agustina;0;60.01;Anual;Presencial;Inicial;2;2;2;;;;;No;2;No;;0;;cuatrimestral;Presencial;Incial;;;;;;;;Si
F;No;Si;7.96;4;11/3/2004;Ing. Info;1;Si;Agustina;0;76.13;Anual;Presencial;Inicial;6;6;;;9;;;Si;2;No;Juan;0;92.15;cuatrimestral;Presencial;Incial;4;5;;;4;;;No
F;No;No;5.9;3;28/9/2002;Ing. Info;1;Si;Pedro;0;71.93;Anual;Presencial;Inicial;1;6;9;;5;;;Si;2;No;Juan;0;99.84;cuatrimestral;Presencial;Incial;10;7;;;8;;;No
F;No;No;5.02;4;13/3/2002;Ing. Info;1;Si;Pedro;1;97.14;Anual;Presencial;Inicial;8;8;;;9;;;Si;2;No;Juan;0;86.73;cuatrimestral;Presencial;Incial;8;8;;;9;;;No
M;No;No;9.84;5;11/6/2000;Ing. Info;1;Si;Agustina;0;63.08;Anual;Presencial;Inicial;1;6;5;;6;;;Si;2;No;Juan;0;80.83;cuatrimestral;Presencial;Incial;2;4;7;;3;6;;No
M;No;No;4.41;1;9/10/2003;Ing. Info;1;Si;Pedro;0;94.24;Anual;Presencial;Inicial;9;4;;;8;;;Si;2;No;;0;;cuatrimestral;Presencial;Incial;;;;;;;;No
F;No;Si;8.92;1;4/3/2002;Ing. Info;1;Si;Agustina;0;72.14;Anual;Presencial;Inicial;2;7;4;;4;;;Si;2;No;;0;;cuatrimestral;Presencial;Incial;;;;;;;;No
F;No;No;7.45;1;2/4/2003;Ing. Info;1;Si;Agustina;1;56.95;Anual;Presencial;Inicial;1;3;7;3;;;;No;2;No;;0;;cuatrimestral;Presencial;Incial;;;;;;;;No
F;No;No;5.29;4;23/8/2003;Ing. Info;1;Si;Agustina;1;93.09;Anual;Presencial;Inicial;7;5;;;8;;;Si;2;No;Juan;0;80.42;cuatrimestral;Presencial;Incial;5;9;;;9;;;Si
F;No;No;6.53;1;14/11/2006;Ing. Info;1;Si;Agustina;0;63.36;Anual;Presencial;Inicial;5;2;;8;6;;;Si;2;No;;0;;cuatrimestral;Presencial;Incial;;;;;;;;Si
F;No;No;5.54;4;8/7/2001;Ing. Info;1;Si;Agustina;1;70.48;Anual;Presencial;Inicial;5;1;;5;2;3;7;Si;2;No;Juan;0;91.12;cuatrimestral;Presencial;Incial;4;4;;;2;2;;No
F;No;No;6.56;1;8/1/2004;Ing. Info;1;No;Pedro;1;81.46;Anual;Presencial;Inicial;7;2;;3;;;;No;2;No;;0;;cuatrimestral;Presencial;Incial;;;;;;;;Si
M;No;Si;9.49;1;21/4/2005;Ing. Info;1;Si;Agustina;0;77.02;Anual;Presencial;Inicial;8;8;;;6;;;Si;2;No;;0;;cuatrimestral;Presencial;Incial;;;;;;;;No
F;No;Si;8.42;1;15/4/2004;Ing. Info;1;Si;Agustina;0;91.77;Anual;Presencial;Inicial;1;6;8;;2;2;8;Si;2;No;;0;;cuatrimestral;Presencial;Incial;;;;;;;;No
M;Si;Si;7.43;1;30/12/2005;Ing. Info;1;Si;Agustina;0;95.28;Anual;Presencial;Inicial;10;7;;;9;;;Si;2;No;;0;;cuatrimestral;Presencial;Incial;;;;;;;;Si
F;No;Si;7.04;3;30/9/2003;Ing. Info;1;Si;Agustina;0;63.11;Anual;Presencial;Inicial;10;8;;;9;;;Si;2;No;Juan;0;83;cuatrimestral;Presencial;Incial;2;4;4;;2;2;1;Si
F;No;Si;8.86;1;3/2/2002;Ing. Info;1;Si;Agustina;0;91.14;Anual;Presencial;Inicial;8;7;;;1;2;8;Si;2;No;;0;;cuatrimestral;Presencial;Incial;;;;;;;;No
F;No;No;7.24;1;24/4/2004;Ing. Info;1;Si;Pedro;0;78.39;Anual;Presencial;Inicial;10;6;;;5;;;Si;2;No;;0;;cuatrimestral;Presencial;Incial;;;;;;;;No
F;Si;No;7.34;1;14/11/2002;Ing. Info;1;Si;Agustina;0;67.88;Anual;Presencial;Inicial;6;4;;;6;;;Si;2;No;;0;;cuatrimestral;Presencial;Incial;;;;;;;;No
F;No;No;7.96;1;23/11/2004;Ing. Info;1;Si;Agustina;0;82.58;Anual;Presencial;Inicial;6;7;;;1;7;;Si;2;No;;0;;cuatrimestral;Presencial;Incial;;;;;;;;No
F;No;No;7;3;20/3/2003;Ing. Info;1;Si;Agustina;0;70.69;Anual;Presencial;Inicial;3;2;4;7;8;;;Si;2;No;Juan;0;84.79;cuatrimestral;Presencial;Incial;3;2;4;2;;;;Si
M;No;No;9.68;5;21/10/2000;Ing. Info;1;Si;Agustina;0;60.35;Anual;Presencial;Inicial;4;5;;;3;5;;Si;2;No;Juan;0;90.91;cuatrimestral;Presencial;Incial;3;7;5;;3;5;;No
F;No;No;6.34;3;9/9/2003;Ing. Info;1;Si;Agustina;0;92.32;Anual;Presencial;Inicial;9;5;;;5;;;Si;2;No;Juan;1;82.06;cuatrimestral;Presencial;Incial;2;4;7;;3;6;;No
F;No;No;4.14;1;20/1/2006;Ing. Info;1;Si;Pedro;0;54.97;Anual;Presencial;Inicial;7;2;;9;1;3;8;Si;2;No;;0;;cuatrimestral;Presencial;Incial;;;;;;;;No
M;Si;No;8.38;5;30/7/2000;Ing. Info;1;Si;Agustina;0;74.63;Anual;Presencial;Inicial;6;5;;;6;;;Si;2;No;Juan;0;91.83;cuatrimestral;Presencial;Incial;2;;2;;;;;No
F;No;No;5.28;3;10/6/2002;Ing. Info;1;Si;Pedro;0;88.69;Anual;Presencial;Inicial;4;8;;;3;4;;Si;2;No;Juan;0;91.71;cuatrimestral;Presencial;Incial;3;7;5;;3;5;;Si
F;No;No;6.23;3;26/11/2002;Ing. Info;1;Si;Pedro;0;52.05;Anual;Presencial;Inicial;3;2;4;7;2;6;;Si;2;No;Juan;0;83.28;cuatrimestral;Presencial;Incial;9;8;;;9;;;No
F;No;Si;9.14;3;19/6/2003;Ing. Info;1;Si;Agustina;0;70.33;Anual;Presencial;Inicial;7;1;;4;9;;;Si;2;No;Juan;0;82.87;cuatrimestral;Presencial;Incial;2;4;4;;2;2;1;No
M;No;No;5.21;5;29/5/2000;Ing. Info;1;Si;Pedro;0;52.95;Anual;Presencial;Inicial;4;5;;;3;5;;Si;2;No;Juan;0;87.15;cuatrimestral;Presencial;Incial;6;7;;;6;;;No
F;No;No;9.4;1;23/6/2003;Ing. Info;1;Si;Agustina;0;63.92;Anual;Presencial;Inicial;5;7;;;5;;;Si;2;No;;0;;cuatrimestral;Presencial;Incial;;;;;;;;No
F;No;No;7.41;1;13/6/2003;Ing. Info;1;Si;Agustina;0;72.92;Anual;Presencial;Inicial;6;9;;;4;;;Si;2;No;;0;;cuatrimestral;Presencial;Incial;;;;;;;;No
M;No;Si;8;1;29/4/2005;Ing. Info;1;Si;Agustina;0;55.44;Anual;Presencial;Inicial;6;10;;;3;8;;Si;2;No;;0;;cuatrimestral;Presencial;Incial;;;;;;;;No
M;No;Si;6.82;1;14/7/2002;Ing. Info;1;Si;Pedro;0;64.45;Anual;Presencial;Inicial;8;10;;;2;8;;Si;2;No;;0;;cuatrimestral;Presencial;Incial;;;;;;;;Si
M;No;No;4.59;1;6/3/2002;Ing. Info;1;Si;Pedro;0;87.18;Anual;Presencial;Inicial;2;4;7;;5;;;Si;2;No;;0;;cuatrimestral;Presencial;Incial;;;;;;;;No
M;No;No;4.55;1;15/7/2006;Ing. Info;1;Si;Pedro;0;75.13;Anual;Presencial;Inicial;1;2;6;7;4;;;Si;2;No;;0;;cuatrimestral;Presencial;Incial;;;;;;;;No
F;No;No;7.09;4;5/8/2003;Ing. Info;1;Si;Pedro;0;86.24;Anual;Presencial;Inicial;6;4;;;9;;;Si;2;No;Juan;0;81.18;cuatrimestral;Presencial;Incial;10;7;;;8;;;No
F;No;Si;8.65;1;4/7/2005;Ing. Info;1;Si;Pedro;0;96.03;Anual;Presencial;Inicial;1;9;5;;4;;;Si;2;No;;0;;cuatrimestral;Presencial;Incial;;;;;;;;No
F;Si;No;9.63;5;4/6/2000;Ing. Info;1;Si;Agustina;0;98.46;Anual;Presencial;Inicial;6;5;;;6;;;Si;2;No;Juan;0;83.54;cuatrimestral;Presencial;Incial;2;4;7;;3;6;;No
M;Si;No;7.37;5;22/10/2000;Ing. Info;1;Si;Agustina;0;58.5;Anual;Presencial;Inicial;4;5;;;3;3;;Si;2;No;Juan;0;89.08;cuatrimestral;Presencial;Incial;9;8;;;9;;;No
F;No;No;4.89;1;5/4/2005;Ing. Info;1;Si;Pedro;0;89.51;Anual;Presencial;Inicial;5;7;;;8;;;Si;2;No;;0;;cuatrimestral;Presencial;Incial;;;;;;;;No
F;No;Si;7.04;3;21/2/2004;Ing. Info;1;Si;Pedro;0;68.8;Anual;Presencial;Inicial;6;8;;;6;;;Si;2;No;Juan;1;94.27;cuatrimestral;Presencial;Incial;3;2;4;2;;;;No
F;No;Si;8.74;1;4/8/2006;Ing. Info;1;Si;Agustina;0;95.98;Anual;Presencial;Inicial;6;10;;;7;;;Si;2;No;;0;;cuatrimestral;Presencial;Incial;;;;;;;;No
F;No;Si;6.28;3;13/9/2003;Ing. Info;1;Si;Pedro;0;90.06;Anual;Presencial;Inicial;10;7;;;6;;;Si;2;No;Juan;0;98.19;cuatrimestral;Presencial;Incial;6;7;;;6;;;No
M;No;No;4.36;5;14/3/2002;Ing. Info;1;Si;Agustina;0;76.99;Anual;Presencial;Inicial;6;5;;;6;;;Si;2;No;Juan;0;89.98;cuatrimestral;Presencial;Incial;6;7;;;6;;;No
F;No;Si;7.07;3;24/2/2002;Ing. Info;1;Si;Agustina;0;93.93;Anual;Presencial;Inicial;9;7;;;6;;;Si;2;No;Juan;0;88.73;cuatrimestral;Presencial;Incial;9;8;;;9;;;No
F;No;No;4.63;4;7/10/2001;Ing. Info;1;Si;Pedro;1;89.11;Anual;Presencial;Inicial;5;9;;;1;1;7;Si;2;No;Juan;1;80.7;cuatrimestral;Presencial;Incial;4;3;;6;2;4;;No
F;No;No;7.19;1;14/1/2002;Ing. Info;1;Si;Agustina;0;62.58;Anual;Presencial;Inicial;2;1;2;;;;;No;2;No;;0;;cuatrimestral;Presencial;Incial;;;;;;;;No
M;No;No;7.68;5;18/3/2003;Ing. Info;1;Si;Agustina;0;62.72;Anual;Presencial;Inicial;4;5;;;3;3;;Si;2;No;Juan;0;94.55;cuatrimestral;Presencial;Incial;9;8;;;9;;;No
F;No;No;7.69;4;18/1/2001;Ing. Info;1;Si;Pedro;0;83.62;Anual;Presencial;Inicial;3;7;5;;4;;;Si;2;No;Juan;0;87.15;cuatrimestral;Presencial;Incial;2;4;7;;3;6;;No
M;No;No;7.78;5;12/3/2002;Ing. Info;1;Si;Agustina;0;70.82;Anual;Presencial;Inicial;4;5;;;3;5;;Si;2;No;Juan;0;98.89;cuatrimestral;Presencial;Incial;3;7;5;;3;5;;No
F;No;No;5.24;5;7/4/2000;Ing. Info;1;Si;Pedro;0;78.16;Anual;Presencial;Inicial;6;5;;;6;;;Si;2;No;Juan;0;100;cuatrimestral;Presencial;Incial;6;7;;;6;;;No
M;No;Si;8.19;2;10/1/2006;Ing. Info;1;Si;Pedro;0;58.05;Anual;Presencial;Inicial;8;9;;;4;;;Si;2;No;Juan;0;70.34;cuatrimestral;Presencial;Incial;4;4;;;4;;;No
M;No;Si;9.81;2;25/5/2003;Ing. Info;1;Si;Agustina;0;50.21;Anual;Presencial;Inicial;10;7;;;5;;;Si;2;No;Juan;0;81.01;cuatrimestral;Presencial;Incial;3;2;4;2;;;;No
M;No;No;5.2;2;8/9/2006;Ing. Info;1;Si;Pedro;0;62.33;Anual;Presencial;Inicial;3;3;9;9;6;;;Si;2;No;Juan;0;80.39;cuatrimestral;Presencial;Incial;9;8;;;9;;;No
M;No;No;4.29;2;9/8/2003;Ing. Info;1;Si;Pedro;1;98.01;Anual;Presencial;Inicial;6;8;;;2;8;;Si;2;No;;0;;cuatrimestral;Presencial;Incial;;;;;;;;Si
M;No;Si;6.96;2;24/9/2006;Ing. Info;1;Si;Agustina;0;75.23;Anual;Presencial;Inicial;7;3;;6;7;;;Si;2;No;Juan;0;77.32;cuatrimestral;Presencial;Incial;6;7;;;6;;;No
M;No;Si;9.87;2;28/7/2002;Ing. Info;1;Si;Agustina;0;61.88;Anual;Presencial;Inicial;1;3;8;4;7;;;Si;2;No;Juan;0;78.96;cuatrimestral;Presencial;Incial;6;7;;;6;;;Si
M;No;No;4.67;1;3/7/2005;Ing. Info;1;Si;Agustina;0;85.14;Anual;Presencial;Inicial;6;6;;;7;;;Si;2;No;;0;;cuatrimestral;Presencial;Incial;;;;;;;;Si
M;No;No;7.87;2;23/3/2004;Ing. Info;1;Si;Agustina;0;86.24;Anual;Presencial;Inicial;6;8;;;6;;;Si;2;No;Juan;0;70.91;cuatrimestral;Presencial;Incial;9;8;;;9;;;No
M;Si;Si;7.13;2;18/1/2003;Ing. Info;1;Si;Pedro;0;94.03;Anual;Presencial;Inicial;6;8;;;7;;;Si;2;No;Juan;0;77.61;cuatrimestral;Presencial;Incial;6;7;;;6;;;No
F;No;No;9.75;3;13/8/2003;Ing. Info;1;Si;Agustina;0;77.9;Anual;Presencial;Inicial;6;5;;;6;;;Si;2;No;Juan;0;82.16;cuatrimestral;Presencial;Incial;9;8;;;9;;;No
M;No;Si;6.73;1;4/2/2004;Ing. Info;1;Si;Pedro;0;57.99;Anual;Presencial;Inicial;1;3;6;7;5;;;Si;2;No;;0;;cuatrimestral;Presencial;Incial;;;;;;;;No
M;No;No;7.82;2;20/7/2003;Ing. Info;1;Si;Pedro;0;79.37;Anual;Presencial;Inicial;9;8;;;6;;;Si;2;No;Juan;0;83.09;cuatrimestral;Presencial;Incial;3;7;5;;3;4;;No
F;No;No;4.6;1;14/10/2006;Ing. Info;1;Si;Pedro;0;93.94;Anual;Presencial;Inicial;2;2;7;5;6;;;Si;2;No;;0;;cuatrimestral;Presencial;Incial;;;;;;;;No
F;No;No;7.22;3;24/5/2003;Ing. Info;1;Si;Pedro;0;70.9;Anual;Presencial;Inicial;1;6;5;;6;;;Si;2;No;Juan;0;78.27;cuatrimestral;Presencial;Incial;10;7;;;8;;;No
M;No;Si;7.63;1;26/2/2005;Ing. Info;1;Si;Agustina;0;95.02;Anual;Presencial;Inicial;10;7;;;1;7;;Si;2;No;;0;;cuatrimestral;Presencial;Incial;;;;;;;;No
M;No;No;6.36;2;29/10/2002;Ing. Info;1;Si;Agustina;0;95.52;Anual;Presencial;Inicial;4;7;;;5;;;Si;2;No;Juan;0;81.92;cuatrimestral;Presencial;Incial;3;2;4;2;;;;No
M;No;No;4.96;2;30/11/2005;Ing. Info;1;Si;Agustina;0;93.82;Anual;Presencial;Inicial;6;6;;;3;4;;Si;2;No;Juan;0;76.67;cuatrimestral;Presencial;Incial;9;8;;;9;;;No
M;No;Si;6.08;2;18/4/2003;Ing. Info;1;Si;Pedro;0;61.86;Anual;Presencial;Inicial;7;3;;9;2;7;;Si;2;No;Juan;0;71.39;cuatrimestral;Presencial;Incial;4;2;;2;;;;No
M;No;No;7.52;1;23/2/2003;Ing. Info;1;Si;Agustina;0;52.81;Anual;Presencial;Inicial;1;2;5;9;2;3;5;Si;2;No;;0;;cuatrimestral;Presencial;Incial;;;;;;;;No
M;No;No;6.61;2;17/5/2002;Ing. Info;1;Si;Pedro;0;84.66;Anual;Presencial;Inicial;3;3;4;6;5;;;Si;2;No;Juan;0;76.48;cuatrimestral;Presencial;Incial;1;3;4;;;;;No
M;No;Si;7.63;2;24/5/2005;Ing. Info;1;Si;Agustina;0;57.83;Anual;Presencial;Inicial;6;3;;6;7;;;Si;2;No;Juan;0;74.98;cuatrimestral;Presencial;Incial;2;;2;;;;;No
M;No;No;7.63;2;18/8/2005;Ing. Info;1;Si;Pedro;0;83.54;Anual;Presencial;Inicial;9;6;;;2;8;;Si;2;No;Juan;0;81.57;cuatrimestral;Presencial;Incial;5;4;;;4;;;No
F;No;No;4.18;3;28/1/2003;Ing. Info;1;Si;Agustina;0;62.87;Anual;Presencial;Inicial;6;5;;;6;;;Si;2;No;Juan;0;77.67;cuatrimestral;Presencial;Incial;2;4;7;;3;6;;No
M;Si;No;4.02;2;31/5/2005;Ing. Info;1;Si;Agustina;0;71.98;Anual;Presencial;Inicial;8;9;;;5;;;Si;2;No;Juan;0;79.68;cuatrimestral;Presencial;Incial;6;7;;;6;;;Si
M;Si;Si;8.67;2;8/12/2005;Ing. Info;1;Si;Pedro;0;84.52;Anual;Presencial;Inicial;8;1;;9;9;;;Si;2;No;Juan;0;76.29;cuatrimestral;Presencial;Incial;5;4;;;4;;;No
F;Si;No;9.3;1;6/9/2004;Ing. Info;1;Si;Agustina;0;85.39;Anual;Presencial;Inicial;7;6;;;6;;;Si;2;No;;0;;cuatrimestral;Presencial;Incial;;;;;;;;No
F;No;Si;7.58;1;20/8/2004;Ing. Info;1;Si;Agustina;0;78.92;Anual;Presencial;Inicial;6;7;;;8;;;Si;2;No;;0;;cuatrimestral;Presencial;Incial;;;;;;;;No
M;No;Si;8.21;2;5/10/2003;Ing. Info;1;Si;Agustina;0;79.72;Anual;Presencial;Inicial;7;6;;;5;;;Si;2;No;Juan;0;81.06;cuatrimestral;Presencial;Incial;5;4;;;4;;;No
F;Si;No;5.67;1;26/8/2004;Ing. Info;1;Si;Pedro;0;89.17;Anual;Presencial;Inicial;3;3;6;9;9;;;Si;2;No;;0;;cuatrimestral;Presencial;Incial;;;;;;;;No
M;No;Si;6.45;2;29/5/2006;Ing. Info;1;Si;Pedro;0;99.02;Anual;Presencial;Inicial;8;6;;;1;2;8;Si;2;No;Juan;0;70.42;cuatrimestral;Presencial;Incial;6;7;;;6;;;No
F;No;No;5.04;1;4/11/2003;Ing. Info;1;Si;Agustina;0;75.79;Anual;Presencial;Inicial;3;3;7;9;4;;;Si;2;No;;0;;cuatrimestral;Presencial;Incial;;;;;;;;No
M;No;Si;8.8;2;30/11/2005;Ing. Info;1;Si;Pedro;0;89.03;Anual;Presencial;Inicial;8;8;;;7;;;Si;2;No;Juan;0;79.59;cuatrimestral;Presencial;Incial;4;5;;;5;;;No
F;No;Si;6.6;1;11/4/2002;Ing. Info;1;Si;Pedro;0;78.81;Anual;Presencial;Inicial;2;3;7;4;7;;;Si;2;No;;0;;cuatrimestral;Presencial;Incial;;;;;;;;Si
F;No;No;4.06;1;22/3/2003;Ing. Info;1;Si;Pedro;0;60;Anual;Presencial;Inicial;7;5;;;1;7;;Si;2;No;;0;;cuatrimestral;Presencial;Incial;;;;;;;;No
M;No;No;5.07;2;23/2/2002;Ing. Info;1;Si;Agustina;0;99.32;Anual;Presencial;Inicial;5;6;;;3;9;;Si;2;No;Juan;0;81.09;cuatrimestral;Presencial;Incial;6;7;;;6;;;No
M;No;Si;6.92;2;20/9/2003;Ing. Info;1;Si;Agustina;0;76.19;Anual;Presencial;Inicial;10;2;;7;1;5;;Si;2;No;Juan;0;75.91;cuatrimestral;Presencial;Incial;4;5;;;5;;;No
M;No;No;5.14;2;30/9/2004;Ing. Info;1;Si;Agustina;0;82.08;Anual;Presencial;Inicial;4;7;;;6;;;Si;2;No;Juan;0;83.19;cuatrimestral;Presencial;Incial;3;2;4;2;;;;Si
M;No;No;8.6;1;3/1/2002;Ing. Info;1;Si;Pedro;0;82.55;Anual;Presencial;Inicial;7;10;;;3;4;;Si;2;No;;0;;cuatrimestral;Presencial;Incial;;;;;;;;No
M;No;No;5.38;1;12/2/2002;Ing. Info;1;Si;Agustina;0;72.08;Anual;Presencial;Inicial;8;9;;;5;;;Si;2;No;;0;;cuatrimestral;Presencial;Incial;;;;;;;;No
M;No;No;6.02;2;2/8/2003;Ing. Info;1;Si;Pedro;0;68.15;Anual;Presencial;Inicial;1;1;5;8;9;;;Si;2;No;Juan;0;73.82;cuatrimestral;Presencial;Incial;1;3;4;;;;;No
M;No;No;7.65;5;12/9/2000;Ing. Info;1;Si;Pedro;1;52.61;Anual;Presencial;Inicial;2;6;4;;6;;;Si;2;No;Juan;1;73.21;cuatrimestral;Presencial;Incial;8;8;;;9;;;No
M;Si;No;5.23;2;3/4/2004;Ing. Info;1;Si;Agustina;0;99.07;Anual;Presencial;Inicial;8;3;;4;2;2;7;Si;2;No;Juan;0;80.08;cuatrimestral;Presencial;Incial;2;4;7;;3;6;;No
M;No;No;6.91;2;8/7/2004;Ing. Info;1;Si;Pedro;0;82.61;Anual;Presencial;Inicial;1;3;7;6;7;;;Si;2;No;Juan;0;76.8;cuatrimestral;Presencial;Incial;3;2;4;2;;;;No
M;Si;No;4.56;1;23/12/2005;Ing. Info;1;Si;Pedro;0;88.99;Anual;Presencial;Inicial;4;2;;6;5;;;Si;2;No;;0;;cuatrimestral;Presencial;Incial;;;;;;;;No
F;No;No;7.74;3;7/10/2004;Ing. Info;1;Si;Agustina;0;67.12;Anual;Presencial;Inicial;4;5;;;3;5;;Si;2;No;Juan;0;79.88;cuatrimestral;Presencial;Incial;3;2;4;2;;;;No
M;No;No;7.01;1;28/5/2002;Ing. Info;1;Si;Pedro;0;55.22;Anual;Presencial;Inicial;5;9;;;4;;;Si;2;No;;0;;cuatrimestral;Presencial;Incial;;;;;;;;No
F;No;No;8.84;1;9/8/2004;Ing. Info;1;Si;Agustina;0;88.64;Anual;Presencial;Inicial;6;7;;;6;;;Si;2;No;;0;;cuatrimestral;Presencial;Incial;;;;;;;;No
M;No;No;5.89;1;22/1/2006;Ing. Info;1;Si;Pedro;0;94.59;Anual;Presencial;Inicial;9;8;;;8;;;Si;2;No;;0;;cuatrimestral;Presencial;Incial;;;;;;;;No
M;Si;No;6.19;3;25/9/2003;Ing. Info;1;Si;Pedro;0;72.03;Anual;Presencial;Inicial;6;5;;;6;;;Si;2;No;Juan;0;79.89;cuatrimestral;Presencial;Incial;6;7;;;6;;;No
M;Si;Si;7.22;1;10/9/2003;Ing. Info;1;Si;Agustina;0;65.28;Anual;Presencial;Inicial;1;2;7;4;3;9;;Si;2;No;;0;;cuatrimestral;Presencial;Incial;;;;;;;;Si
F;No;No;4.01;5;14/12/2002;Ing. Info;1;Si;Pedro;1;93.12;Anual;Presencial;Inicial;5;8;;;5;;;Si;2;No;Juan;0;79.89;cuatrimestral;Presencial;Incial;5;3;;6;9;;;No
M;No;Si;9.95;1;27/9/2006;Ing. Info;1;Si;Pedro;0;88.17;Anual;Presencial;Inicial;3;1;9;6;9;;;Si;2;No;;0;;cuatrimestral;Presencial;Incial;;;;;;;;No
M;Si;No;4.34;2;7/7/2004;Ing. Info;1;Si;Pedro;0;99.87;Anual;Presencial;Inicial;5;7;;;7;;;Si;2;No;Juan;0;81.45;cuatrimestral;Presencial;Incial;2;4;7;;3;6;;Si
M;No;Si;8.94;1;14/1/2004;Ing. Info;1;Si;Agustina;0;81.44;Anual;Presencial;Inicial;1;7;6;;3;7;;Si;2;No;;0;;cuatrimestral;Presencial;Incial;;;;;;;;No
M;No;Si;7.7;2;23/6/2002;Ing. Info;1;Si;Pedro;0;57.55;Anual;Presencial;Inicial;10;1;;6;9;;;Si;2;No;Juan;0;77.26;cuatrimestral;Presencial;Incial;4;5;;;5;;;No
F;No;No;6.3;1;11/2/2002;Ing. Info;1;Si;Agustina;0;87.6;Anual;Presencial;Inicial;8;8;;;1;5;;Si;2;No;;0;;cuatrimestral;Presencial;Incial;;;;;;;;No
F;Si;Si;6.29;5;2/2/2003;Ing. Info;1;Si;Agustina;1;58.16;Anual;Presencial;Inicial;7;9;;;6;;;Si;2;No;Juan;0;79.37;cuatrimestral;Presencial;Incial;7;8;;;4;;;No
F;No;No;5.05;1;6/7/2004;Ing. Info;1;Si;Agustina;2;50.19;Anual;Presencial;Inicial;5;1;;2;;;;No;2;No;;0;;cuatrimestral;Presencial;Incial;;;;;;;;No
F;No;No;4.57;1;31/7/2002;Ing. Info;1;Si;Pedro;0;81.02;Anual;Presencial;Inicial;9;4;;;5;;;Si;2;No;;0;;cuatrimestral;Presencial;Incial;;;;;;;;No
F;No;Si;7.24;5;10/6/2003;Ing. Info;1;Si;Agustina;1;61.9;Anual;Presencial;Inicial;9;9;;;8;;;Si;2;No;Juan;0;71.49;cuatrimestral;Presencial;Incial;6;9;;;5;;;No
M;No;No;6.88;5;18/6/2002;Ing. Info;1;Si;Pedro;1;89.55;Anual;Presencial;Inicial;5;4;;;6;;;Si;2;No;Juan;1;79.58;cuatrimestral;Presencial;Incial;8;8;;;9;;;No
M;Si;Si;6.4;1;27/10/2003;Ing. Info;1;Si;Pedro;0;94.5;Anual;Presencial;Inicial;9;9;;;6;;;Si;2;No;;0;;cuatrimestral;Presencial;Incial;;;;;;;;No
F;No;No;5.25;1;27/8/2005;Ing. Info;1;Si;Agustina;0;65.71;Anual;Presencial;Inicial;4;7;;;3;2;4;Si;2;No;;0;;cuatrimestral;Presencial;Incial;;;;;;;;No
M;No;No;7.19;2;5/9/2004;Ing. Info;1;Si;Pedro;0;62.66;Anual;Presencial;Inicial;7;5;;;4;;;Si;2;No;Juan;0;81.43;cuatrimestral;Presencial;Incial;9;8;;;9;;;No
M;No;Si;9.54;2;3/8/2005;Ing. Info;1;Si;Pedro;0;63.76;Anual;Presencial;Inicial;6;7;;;9;;;Si;2;No;Juan;0;70.33;cuatrimestral;Presencial;Incial;5;4;;;4;;;No
M;No;No;6.42;2;23/11/2006;Ing. Info;1;Si;Agustina;0;82.4;Anual;Presencial;Inicial;9;1;;6;6;;;Si;2;No;Juan;0;77.61;cuatrimestral;Presencial;Incial;9;8;;;9;;;No
M;No;Si;6.67;2;14/12/2002;Ing. Info;1;Si;Pedro;0;81.93;Anual;Presencial;Inicial;8;6;;;4;;;Si;2;No;Juan;0;70.69;cuatrimestral;Presencial;Incial;5;4;;;4;;;Si
M;No;Si;7.26;2;13/6/2004;Ing. Info;1;Si;Pedro;0;77.94;Anual;Presencial;Inicial;8;7;;;5;;;Si;2;No;Juan;0;78.17;cuatrimestral;Presencial;Incial;5;4;;;4;;;No
M;No;No;7.91;1;14/2/2003;Ing. Info;1;Si;Agustina;0;94.83;Anual;Presencial;Inicial;2;1;7;4;4;;;Si;2;No;;0;;cuatrimestral;Presencial;Incial;;;;;;;;No
M;No;No;4.43;2;15/3/2006;Ing. Info;1;Si;Pedro;0;76.27;Anual;Presencial;Inicial;5;2;;5;2;8;;Si;2;No;Juan;0;71.07;cuatrimestral;Presencial;Incial;3;2;4;2;;;;Si
M;No;No;7.7;3;5/6/2003;Ing. Info;1;Si;Agustina;0;82.84;Anual;Presencial;Inicial;6;5;;;6;;;Si;2;No;Juan;0;71.44;cuatrimestral;Presencial;Incial;3;7;5;;3;5;;Si
M;No;No;6.6;2;14/2/2004;Ing. Info;1;Si;Agustina;0;86.07;Anual;Presencial;Inicial;8;9;;;3;8;;Si;2;No;Juan;0;82.56;cuatrimestral;Presencial;Incial;9;8;;;9;;;No
M;No;Si;6.8;2;21/7/2002;Ing. Info;1;Si;Agustina;0;91;Anual;Presencial;Inicial;9;6;;;7;;;Si;2;No;Juan;0;77.23;cuatrimestral;Presencial;Incial;4;4;;;4;;;No
F;No;No;6.29;1;6/6/2006;Ing. Info;1;Si;Agustina;0;83.18;Anual;Presencial;Inicial;6;7;;;6;;;Si;2;No;;0;;cuatrimestral;Presencial;Incial;;;;;;;;No
M;No;No;5.26;2;23/5/2003;Ing. Info;1;Si;Agustina;0;76.17;Anual;Presencial;Inicial;6;8;;;1;3;7;Si;2;No;Juan;0;71.37;cuatrimestral;Presencial;Incial;6;7;;;4;;;No
M;No;Si;6.35;2;12/2/2006;Ing. Info;1;Si;Pedro;0;81.79;Anual;Presencial;Inicial;8;8;;;4;;;Si;2;No;Juan;0;78.99;cuatrimestral;Presencial;Incial;4;4;;;4;;;No
M;No;Si;6.24;2;15/3/2003;Ing. Info;1;Si;Pedro;0;56.81;Anual;Presencial;Inicial;7;7;;;1;4;;Si;2;No;Juan;0;83.75;cuatrimestral;Presencial;Incial;5;4;;;4;;;No
M;No;No;7.64;2;14/9/2005;Ing. Info;1;Si;Pedro;0;80.56;Anual;Presencial;Inicial;9;2;;8;5;;;Si;2;No;Juan;0;82.95;cuatrimestral;Presencial;Incial;6;7;;;4;;;No
M;No;Si;7.32;2;18/11/2002;Ing. Info;1;Si;Pedro;0;72.01;Anual;Presencial;Inicial;6;6;;;5;;;Si;2;No;Juan;0;80.38;cuatrimestral;Presencial;Incial;4;4;;;4;;;No
M;No;No;7.3;2;14/7/2005;Ing. Info;1;Si;Pedro;0;76;Anual;Presencial;Inicial;4;9;;;5;;;Si;2;No;Juan;0;80.28;cuatrimestral;Presencial;Incial;5;7;;;4;;;No
M;No;Si;8.84;2;24/4/2003;Ing. Info;1;Si;Agustina;0;85.02;Anual;Presencial;Inicial;3;7;6;;4;;;Si;2;No;Juan;0;71.41;cuatrimestral;Presencial;Incial;5;4;;;4;;;Si
M;No;No;5.85;2;14/6/2002;Ing. Info;1;Si;Pedro;0;52.79;Anual;Presencial;Inicial;3;2;5;6;3;5;;Si;2;No;Juan;0;84.72;cuatrimestral;Presencial;Incial;3;2;4;2;;;;No
F;No;No;8.8;1;30/6/2004;Ing. Info;1;No;Pedro;0;60.12;Anual;Presencial;Inicial;3;1;1;;;;;No;2;No;;0;;cuatrimestral;Presencial;Incial;;;;;;;;Si
M;No;Si;8.19;2;12/1/2006;Ing. Info;1;Si;Pedro;0;54.7;Anual;Presencial;Inicial;6;9;;;6;;;Si;2;No;Juan;0;78.54;cuatrimestral;Presencial;Incial;5;4;;;4;;;No
M;No;No;4.74;3;3/3/2003;Ing. Info;1;Si;Pedro;0;94.57;Anual;Presencial;Inicial;6;5;;;6;;;Si;2;No;Juan;0;76.52;cuatrimestral;Presencial;Incial;2;4;7;;3;6;;No
F;Si;No;9;1;1/7/2005;Ing. Info;1;Si;Pedro;0;57.16;Anual;Presencial;Inicial;2;6;8;;7;;;Si;2;No;;0;;cuatrimestral;Presencial;Incial;;;;;;;;No
M;Si;No;5.38;2;12/10/2003;Ing. Info;1;Si;Agustina;0;54.43;Anual;Presencial;Inicial;7;5;;;1;6;;Si;2;No;Juan;0;75.54;cuatrimestral;Presencial;Incial;5;7;;;;;;Si
M;No;Si;7.1;2;12/7/2004;Ing. Info;1;Si;Pedro;0;84.55;Anual;Presencial;Inicial;3;3;8;4;6;;;Si;2;No;Juan;0;84.18;cuatrimestral;Presencial;Incial;4;4;;;4;;;No
M;No;Si;6.51;2;23/12/2005;Ing. Info;1;Si;Pedro;0;73.23;Anual;Presencial;Inicial;7;1;;7;2;2;7;Si;2;No;Juan;0;72.23;cuatrimestral;Presencial;Incial;5;4;;;4;;;No
F;No;No;9.08;3;11/11/2005;Ing. Info;1;Si;Agustina;0;93.85;Anual;Presencial;Inicial;4;5;;;3;5;;Si;2;No;Juan;0;71.2;cuatrimestral;Presencial;Incial;9;8;;;9;;;No
M;No;Si;6.14;2;10/7/2002;Ing. Info;1;Si;Pedro;0;71.5;Anual;Presencial;Inicial;10;2;;5;9;;;Si;2;No;Juan;0;72.8;cuatrimestral;Presencial;Incial;5;4;;;4;;;No
M;Si;No;5.56;2;4/6/2003;Ing. Info;1;Si;Agustina;0;82.74;Anual;Presencial;Inicial;7;5;;;2;1;8;Si;2;No;Juan;0;80.59;cuatrimestral;Presencial;Incial;9;8;;;9;;;Si
M;No;Si;8.61;2;29/11/2003;Ing. Info;1;Si;Pedro;0;94.3;Anual;Presencial;Inicial;9;1;;6;7;;;Si;2;No;Juan;0;70.34;cuatrimestral;Presencial;Incial;4;4;;;4;;;No
M;No;Si;8.54;2;28/11/2006;Ing. Info;1;Si;Agustina;0;85.27;Anual;Presencial;Inicial;8;8;;;4;;;Si;2;No;Juan;0;81.01;cuatrimestral;Presencial;Incial;5;4;;;4;;;No
M;No;Si;9.31;5;2/3/2003;Ing. Info;1;Si;Agustina;0;59.83;Anual;Presencial;Inicial;8;2;;5;2;7;;Si;2;No;Juan;0;80.39;cuatrimestral;Presencial;Incial;9;8;;;9;;;No
M;Si;No;6.45;5;15/9/2003;Ing. Info;1;Si;Pedro;0;90.44;Anual;Presencial;Inicial;3;7;9;;1;9;;Si;2;No;Juan;0;84.74;cuatrimestral;Presencial;Incial;6;7;;;6;;;No
M;No;Si;8.95;4;16/2/2002;Ing. Info;1;Si;Pedro;1;57;Anual;Presencial;Inicial;9;7;;;7;;;Si;2;No;Juan;0;77.32;cuatrimestral;Presencial;Incial;4;4;;;7;;;No
M;No;Si;5.37;3;4/1/2005;Ing. Info;1;Si;Agustina;0;74.68;Anual;Presencial;Inicial;1;6;5;;6;;;Si;2;No;Juan;0;78.96;cuatrimestral;Presencial;Incial;6;7;;;6;;;No
M;Si;Si;6.92;5;20/2/2000;Ing. Info;1;Si;Agustina;0;65.09;Anual;Presencial;Inicial;2;10;5;;4;;;Si;2;No;Juan;0;77.2;cuatrimestral;Presencial;Incial;2;4;7;;3;6;;No
M;No;Si;8.87;5;30/3/2002;Ing. Info;1;Si;Pedro;0;99.08;Anual;Presencial;Inicial;6;6;;;5;;;Si;2;No;Juan;0;70.91;cuatrimestral;Presencial;Incial;2;4;7;;3;6;;No
M;No;Si;5.17;3;10/1/2003;Ing. Info;1;Si;Agustina;0;98.89;Anual;Presencial;Inicial;6;5;;;6;;;Si;2;No;Juan;0;77.61;cuatrimestral;Presencial;Incial;4;4;;;4;;;No
F;No;Si;6.08;1;25/10/2006;Ing. Info;1;Si;Agustina;0;88.05;Anual;Presencial;Inicial;1;1;5;6;;;;Si;2;No;;0;;cuatrimestral;Presencial;Incial;;;;;;;;No
M;No;No;5.86;5;3/7/2003;Ing. Info;1;Si;Pedro;0;73.78;Anual;Presencial;Inicial;7;6;;;6;;;Si;2;No;Juan;0;77.27;cuatrimestral;Presencial;Incial;2;;2;;;;;No
M;Si;Si;4.93;3;14/2/2003;Ing. Info;1;Si;Pedro;0;50.07;Anual;Presencial;Inicial;6;5;;;6;;;Si;2;No;Juan;0;83.09;cuatrimestral;Presencial;Incial;4;4;;;4;;;No
M;No;No;6.38;5;22/10/2000;Ing. Info;1;Si;Pedro;0;93.72;Anual;Presencial;Inicial;8;4;;;7;;;Si;2;No;Juan;0;76.12;cuatrimestral;Presencial;Incial;10;7;;;8;;;No
M;No;Si;6.07;5;9/6/2003;Ing. Info;1;Si;Agustina;0;95.41;Anual;Presencial;Inicial;7;9;;;3;7;;Si;2;No;Juan;0;78.27;cuatrimestral;Presencial;Incial;6;7;;;6;;;No
M;No;Si;9.8;5;18/3/2003;Ing. Info;1;Si;Pedro;0;80.93;Anual;Presencial;Inicial;6;10;;;5;;;Si;2;No;Juan;0;79.68;cuatrimestral;Presencial;Incial;6;7;;;6;;;No
M;No;No;5.46;3;20/5/2005;Ing. Info;1;Si;Pedro;0;51.14;Anual;Presencial;Inicial;4;5;;;2;8;;Si;2;No;Juan;0;81.92;cuatrimestral;Presencial;Incial;2;;2;;;;;No
M;No;Si;9.96;3;6/12/2002;Ing. Info;1;Si;Agustina;0;80.3;Anual;Presencial;Inicial;2;9;8;;2;5;;Si;2;No;Juan;1;76.67;cuatrimestral;Presencial;Incial;9;8;;;9;;;No
M;No;No;5.53;5;29/11/2000;Ing. Info;1;Si;Pedro;0;93.14;Anual;Presencial;Inicial;9;9;;;7;;;Si;2;No;Juan;0;71.39;cuatrimestral;Presencial;Incial;3;2;4;2;;;;No
M;No;Si;9.98;3;22/10/2005;Ing. Info;1;Si;Pedro;0;80.34;Anual;Presencial;Inicial;3;1;5;8;3;7;;Si;2;No;Juan;0;76.99;cuatrimestral;Presencial;Incial;9;8;;;9;;;No
M;No;Si;8.1;5;12/4/2003;Ing. Info;1;Si;Agustina;0;74.59;Anual;Presencial;Inicial;9;2;;8;8;;;Si;2;No;Juan;0;76.48;cuatrimestral;Presencial;Incial;2;4;7;;3;6;;No
M;No;Si;8.05;3;17/12/2004;Ing. Info;1;Si;Agustina;0;83.71;Anual;Presencial;Inicial;9;6;;;8;;;Si;2;No;Juan;1;74.98;cuatrimestral;Presencial;Incial;4;4;;;4;;;No
M;No;No;7.05;5;8/12/2000;Ing. Info;1;Si;Pedro;0;89.63;Anual;Presencial;Inicial;5;5;;;7;;;Si;2;No;Juan;0;81.57;cuatrimestral;Presencial;Incial;2;4;7;;3;6;;No
M;No;Si;7.54;1;12/6/2003;Ing. Info;1;Si;Pedro;1;66.84;Anual;Presencial;Inicial;3;1;4;3;;;;No;2;No;;0;;cuatrimestral;Presencial;Incial;;;;;;;;No
M;No;No;4.91;5;7/10/2003;Ing. Info;1;Si;Pedro;0;82.03;Anual;Presencial;Inicial;4;4;;;9;;;Si;2;No;Juan;0;79.68;cuatrimestral;Presencial;Incial;3;7;5;;3;5;;No
M;No;Si;9.99;5;18/6/2002;Ing. Info;1;Si;Agustina;0;85.11;Anual;Presencial;Inicial;10;9;;;7;;;Si;2;No;Juan;0;76.29;cuatrimestral;Presencial;Incial;2;4;7;;3;6;;No
M;No;No;5.1;3;23/4/2003;Ing. Info;1;Si;Agustina;0;82.78;Anual;Presencial;Inicial;9;4;;;6;;;Si;2;No;Juan;1;72.41;cuatrimestral;Presencial;Incial;6;7;;;6;;;No
M;No;Si;7.04;3;9/4/2004;Ing. Info;1;Si;Agustina;0;64.03;Anual;Presencial;Inicial;6;5;;;6;;;Si;2;No;Juan;0;77.08;cuatrimestral;Presencial;Incial;3;7;5;;3;3;4;No
M;No;No;6.71;3;4/9/2005;Ing. Info;1;Si;Pedro;0;75.82;Anual;Presencial;Inicial;2;9;7;;7;;;Si;2;No;Juan;1;81.06;cuatrimestral;Presencial;Incial;2;;2;;;;;Si
M;No;No;4.07;4;28/3/2001;Ing. Info;1;Si;Agustina;0;54.37;Anual;Presencial;Inicial;7;4;;;9;;;Si;2;No;Juan;0;70.16;cuatrimestral;Presencial;Incial;2;4;7;;3;6;;No
M;No;Si;6.15;1;9/4/2005;Ing. Info;1;No;Agustina;0;87.31;Anual;Presencial;Inicial;2;3;1;;;;;No;2;No;;0;;cuatrimestral;Presencial;Incial;;;;;;;;Si
M;No;No;5.62;3;17/1/2003;Ing. Info;1;Si;Pedro;0;88.49;Anual;Presencial;Inicial;7;8;;;1;5;;Si;2;No;Juan;1;79.25;cuatrimestral;Presencial;Incial;10;7;;;8;;;No
M;Si;Si;8.16;4;13/9/2001;Ing. Info;1;Si;Agustina;1;50.24;Anual;Presencial;Inicial;6;10;;;8;;;Si;2;No;Juan;0;79.59;cuatrimestral;Presencial;Incial;4;5;;;4;;;No
M;No;No;6.18;3;28/4/2004;Ing. Info;1;Si;Agustina;0;89.81;Anual;Presencial;Inicial;5;8;;;5;;;Si;2;No;Juan;1;78.68;cuatrimestral;Presencial;Incial;3;2;4;2;;;;Si
M;No;No;6.7;4;13/11/2001;Ing. Info;1;Si;Pedro;0;90.42;Anual;Presencial;Inicial;3;8;7;;8;;;Si;2;No;Juan;0;84.92;cuatrimestral;Presencial;Incial;3;7;5;;3;5;;No
M;No;Si;7.38;3;16/8/2005;Ing. Info;1;Si;Agustina;0;70.83;Anual;Presencial;Inicial;2;3;7;4;9;;;Si;2;No;Juan;1;81.09;cuatrimestral;Presencial;Incial;10;7;;;8;;;No
F;No;Si;6.5;4;19/9/2001;Ing. Info;1;Si;Pedro;1;82.41;Anual;Presencial;Inicial;9;10;;;8;;;Si;2;No;Juan;0;75.91;cuatrimestral;Presencial;Incial;5;6;;;5;;;No
M;Si;No;6.48;3;12/2/2002;Ing. Info;1;Si;Agustina;0;89.81;Anual;Presencial;Inicial;7;8;;;9;;;Si;2;No;Juan;0;83.19;cuatrimestral;Presencial;Incial;7;8;;;4;;;No
M;Si;Si;9.07;3;18/9/2002;Ing. Info;1;Si;Agustina;0;83.57;Anual;Presencial;Inicial;6;8;;;6;;;Si;2;No;Juan;1;73.39;cuatrimestral;Presencial;Incial;5;6;;;5;;;No
F;No;Si;6.13;3;22/11/2005;Ing. Info;1;Si;Agustina;0;73.12;Anual;Presencial;Inicial;4;5;;;3;5;;Si;2;No;Juan;0;79.47;cuatrimestral;Presencial;Incial;10;7;;;8;;;No
M;No;Si;7.61;4;13/2/2001;Ing. Info;1;Si;Pedro;0;92.97;Anual;Presencial;Inicial;6;10;;;9;;;Si;2;No;Juan;0;73.82;cuatrimestral;Presencial;Incial;10;7;;;8;;;No
M;No;No;6.4;4;8/6/2004;Ing. Info;1;Si;Pedro;0;85.13;Anual;Presencial;Inicial;9;1;;7;4;;;Si;2;No;Juan;0;73.21;cuatrimestral;Presencial;Incial;9;8;;;9;;;Si
M;Si;Si;6.99;4;15/6/2003;Ing. Info;1;Si;Agustina;1;65.24;Anual;Presencial;Inicial;6;7;;;8;;;Si;2;No;Juan;0;80.08;cuatrimestral;Presencial;Incial;7;8;;;7;;;No
M;No;No;4.45;4;15/8/2001;Ing. Info;1;Si;Pedro;0;75.67;Anual;Presencial;Inicial;9;8;;;9;;;Si;2;No;Juan;0;76.8;cuatrimestral;Presencial;Incial;6;7;;;6;;;No
M;No;Si;7.74;3;24/3/2002;Ing. Info;1;Si;Pedro;0;58.96;Anual;Presencial;Inicial;6;9;;;3;8;;Si;2;No;Juan;1;72.57;cuatrimestral;Presencial;Incial;7;8;;;7;;;No
M;No;No;5.26;4;17/5/2001;Ing. Info;1;Si;Agustina;0;80.96;Anual;Presencial;Inicial;9;5;;;1;4;;Si;2;No;Juan;0;79.88;cuatrimestral;Presencial;Incial;2;4;7;;3;6;;No
M;Si;No;4.34;4;1/7/2001;Ing. Info;1;Si;Pedro;0;96.91;Anual;Presencial;Inicial;6;5;;;7;;;Si;2;No;Juan;0;82.27;cuatrimestral;Presencial;Incial;3;7;5;;3;5;;Si
M;No;Si;9.83;4;3/9/2002;Ing. Info;1;Si;Agustina;0;78.62;Anual;Presencial;Inicial;9;7;;;2;7;;Si;2;No;Juan;0;71.01;cuatrimestral;Presencial;Incial;7;8;;;7;;;No
F;Si;Si;9.29;3;24/7/2003;Ing. Info;1;Si;Agustina;0;98.66;Anual;Presencial;Inicial;4;5;;;3;3;4;Si;2;No;Juan;0;74.57;cuatrimestral;Presencial;Incial;7;8;;;7;;;No
M;No;Si;6.81;3;17/6/2003;Ing. Info;1;Si;Agustina;0;74.6;Anual;Presencial;Inicial;2;10;8;;7;;;Si;2;No;Juan;0;79.89;cuatrimestral;Presencial;Incial;4;2;;2;;;;No
M;No;No;5.07;3;22/1/2004;Ing. Info;1;Si;Pedro;0;83.85;Anual;Presencial;Inicial;2;9;7;;1;6;;Si;2;No;Juan;1;75.37;cuatrimestral;Presencial;Incial;10;7;;;8;;;No
F;No;Si;4.2;1;18/7/2005;Ing. Info;1;Si;Pedro;0;56.57;Anual;Presencial;Inicial;5;8;;;7;;;Si;2;No;;0;;cuatrimestral;Presencial;Incial;;;;;;;;Si
M;No;Si;7.97;4;9/8/2002;Ing. Info;1;Si;Pedro;0;91.35;Anual;Presencial;Inicial;9;9;;;3;4;;Si;2;No;Juan;0;76.12;cuatrimestral;Presencial;Incial;3;7;5;;3;5;;No
M;No;Si;8.29;4;28/2/2003;Ing. Info;1;Si;Pedro;0;80.54;Anual;Presencial;Inicial;3;10;8;;4;;;Si;2;No;Juan;0;81.45;cuatrimestral;Presencial;Incial;4;5;;;4;;;No
M;No;Si;9.88;3;19/5/2002;Ing. Info;1;Si;Agustina;0;91.5;Anual;Presencial;Inicial;2;7;7;;5;;;Si;2;No;Juan;0;77.71;cuatrimestral;Presencial;Incial;4;5;;;4;;;No
M;No;Si;7.03;4;23/7/2001;Ing. Info;1;Si;Agustina;0;96.36;Anual;Presencial;Inicial;9;8;;;3;7;;Si;2;No;Juan;0;77.26;cuatrimestral;Presencial;Incial;3;7;5;;3;5;;No
M;No;No;4.06;4;12/12/2002;Ing. Info;1;Si;Pedro;0;88.29;Anual;Presencial;Inicial;5;4;;;4;;;Si;2;No;Juan;0;79.82;cuatrimestral;Presencial;Incial;9;8;;;9;;;No
M;No;Si;8.23;3;22/8/2003;Ing. Info;1;Si;Agustina;0;94.04;Anual;Presencial;Inicial;6;9;;;3;7;;Si;2;No;Juan;1;79.37;cuatrimestral;Presencial;Incial;5;6;;;5;;;No
F;No;Si;8.59;1;14/1/2006;Ing. Info;1;Si;Pedro;0;84.6;Anual;Presencial;Inicial;3;9;6;;6;;;Si;2;No;;0;;cuatrimestral;Presencial;Incial;;;;;;;;No
